id,label
1,0.74521863
2,0.21964383
3,0.48723233
4,0.9997902
5,0.97955424
6,0.7397331
7,0.20252904
8,0.9945841
9,0.016759604
10,0.028485715
11,0.14611524
12,1.4745063e-05
13,0.042158127
14,0.5741805
15,0.03937626
16,0.98748094
17,0.9998608
18,0.11659691
19,0.26715392
20,0.16959149
21,0.90945315
22,0.48771563
23,0.008203596
24,0.19417924
25,0.008715779
26,0.006265193
27,0.21165463
28,0.01986748
29,0.9947086
30,0.9999203
31,0.99946666
32,0.106595844
33,0.9020323
34,0.99962926
35,0.109297216
36,0.99531347
37,0.80550385
38,0.999982
39,0.461291
40,0.10229543
41,0.16925865
42,0.93891233
43,0.093120396
44,0.98454857
45,0.28040963
46,0.9982463
47,0.994854
48,0.90199566
49,0.56316495
50,0.77275014
51,0.61360556
52,0.9970306
53,0.0059247613
54,0.9427081
55,0.7245803
56,0.9859357
57,0.9871528
58,0.1629099
59,0.0016719401
60,0.050267756
61,0.012960196
62,0.007028997
63,0.06994513
64,0.04959178
65,0.021577448
66,0.98316425
67,0.9379705
68,0.9927455
69,0.7826934
70,0.9893831
71,0.9993228
72,0.48339114
73,0.1735766
74,0.9673867
75,0.9898493
76,0.19208589
77,0.2251361
78,0.05977285
79,0.008761644
80,0.4265241
81,0.9996464
82,2.5014222e-06
83,0.0082959235
84,0.2524572
85,0.70473355
86,0.016607046
87,0.8742423
88,0.9060595
89,0.027717412
90,0.85541517
91,0.5499218
92,0.7880496
93,0.9704308
94,0.9949044
95,0.99137855
96,0.17828935
97,0.9998014
98,0.98523176
99,0.997053
100,0.99147654
101,0.03066954
102,0.065368384
103,0.96086884
104,0.58241105
105,0.39288735
106,0.9917038
107,0.07396862
108,0.9998511
109,0.018481493
110,0.9434625
111,0.7849157
112,0.9994805
113,0.99632514
114,0.9351234
115,0.9910624
116,0.46539888
117,0.97048295
118,0.9465836
119,0.09723434
120,0.99996567
121,0.9342125
122,0.91168773
123,0.76082397
124,0.013691336
125,0.022447735
126,0.00204584
127,0.99000174
128,0.034582317
129,0.03631407
130,0.99998665
131,0.7815949
132,0.011384755
133,0.9987087
134,0.30583677
135,0.23760217
136,0.15300557
137,0.9637182
138,0.006192118
139,0.013140529
140,0.34449935
141,0.9999949
142,0.99262315
143,0.0011956096
144,0.00069755316
145,0.37784654
146,0.92535335
147,0.6891947
148,0.50338995
149,0.31569293
150,0.8175151
151,0.22797012
152,0.0071002543
153,0.78194314
154,0.9999636
155,0.9973458
156,0.016744792
157,0.98607934
158,0.16880754
159,0.9841453
160,0.8451966
161,0.89597857
162,0.9622612
163,0.99993116
164,0.72682333
165,0.08120465
166,0.99968475
167,0.9979719
168,0.8209908
169,0.12363282
170,0.0020932853
171,0.64298135
172,0.110011876
173,0.40040782
174,0.6425006
175,0.36255693
176,0.90811133
177,0.0006477833
178,0.0053268373
179,0.11480227
180,0.20120397
181,0.99826556
182,0.0071219206
183,0.9485597
184,0.9790489
185,0.9979813
186,0.19782105
187,0.636666
188,0.9787518
189,0.4002105
190,0.72033745
191,1.0
192,0.17089877
193,0.5599698
194,0.004782349
195,0.99995506
196,0.67435837
197,0.89201015
198,0.1299513
199,0.77955693
200,0.99859536
201,0.07495546
202,0.9999341
203,0.90156597
204,0.03928733
205,0.95354724
206,0.06714457
207,0.74738765
208,0.28129494
209,0.41365683
210,0.959905
211,0.9986331
212,0.3236412
213,0.99529326
214,0.9990299
215,0.9446732
216,0.12068218
217,0.061666876
218,0.0025779605
219,0.5815936
220,0.9877013
221,0.92977905
222,0.9799203
223,0.22969118
224,0.007818073
225,0.6804947
226,0.22584388
227,0.023042917
228,2.0002974e-05
229,0.99892306
230,0.99142843
231,0.1282214
232,0.92358416
233,0.064989984
234,0.9992746
235,0.8081981
236,0.9972677
237,0.22737497
238,0.1021637
239,0.23822659
240,0.38451362
241,0.98949385
242,0.9935818
243,0.0009471476
244,0.9648631
245,0.9914067
246,0.0045820177
247,0.54710406
248,0.94543606
249,0.9949562
250,0.91316235
251,0.98982006
252,0.018619567
253,0.07159001
254,0.95992273
255,0.45484638
256,0.2532273
257,0.081520855
258,0.09414053
259,0.04387018
260,0.9460619
261,0.99769783
262,0.9783227
263,0.998654
264,0.0030961335
265,0.0037721694
266,0.0063080788
267,0.006547928
268,0.97171295
269,0.3737907
270,0.82654226
271,0.28261632
272,0.6276901
273,0.99961823
274,0.9997932
275,0.99977964
276,0.97540635
277,0.9249977
278,0.9995253
279,0.7308839
280,0.9456848
281,0.16585311
282,0.12428951
283,0.48591807
284,0.23682734
285,0.63261116
286,0.99674135
287,0.28607184
288,0.7862921
289,0.14977652
290,0.9907236
291,0.069094986
292,0.0697121
293,0.0028748512
294,0.98455197
295,1.0
296,0.9189926
297,0.0045278072
298,0.46357772
299,0.029781759
300,0.04428315
301,0.9205256
302,1.0
303,0.114382595
304,0.42270583
305,0.88746727
306,0.9072513
307,0.40197182
308,0.24311706
309,0.29148364
310,0.90064
311,0.44485524
312,0.85191524
313,0.9177501
314,0.111433476
315,0.31846827
316,0.9993877
317,0.97708535
318,0.9924202
319,0.7126549
320,0.6291648
321,0.015672445
322,0.73410165
323,0.021251619
324,0.6159338
325,0.2570894
326,0.6151314
327,0.5470853
328,0.41468343
329,0.99142003
330,0.0063889325
331,0.044348717
332,0.80122185
333,0.9684745
334,0.991387
335,0.1436629
336,0.0038616955
337,0.030142695
338,0.99532104
339,0.8546914
340,0.96617305
341,0.063073754
342,0.99986726
343,0.97130007
344,0.881819
345,0.3488031
346,0.33122078
347,0.017565101
348,0.09054941
349,0.28067917
350,0.089527726
351,4.8985352e-05
352,0.53345287
353,0.49527994
354,0.9946313
355,0.020645082
356,0.99786115
357,0.005167216
358,0.013315469
359,0.45995602
360,0.94231707
361,0.9248563
362,0.7833556
363,0.4165342
364,0.99004644
365,0.09917861
366,0.86592424
367,0.99433917
368,0.19993424
369,0.9993082
370,0.4560109
371,0.9061414
372,0.012046605
373,0.9999959
374,0.72875255
375,0.74924076
376,0.9936063
377,0.29437584
378,0.36870387
379,0.34662598
380,0.93473065
381,0.99959373
382,0.57139796
383,0.29723325
384,0.9216448
385,0.06410125
386,0.99981105
387,0.009006381
388,0.07783222
389,0.38903022
390,0.9566698
391,0.98574847
392,0.023640543
393,0.999977
394,0.0731554
395,0.9994533
396,0.8288517
397,0.98416924
398,0.4319728
399,0.052155674
400,0.6046473
401,0.15736672
402,0.93087137
403,0.023718119
404,0.6644743
405,0.37229162
406,0.043357164
407,0.12458348
408,0.9882771
409,0.86005807
410,0.9770564
411,0.6427146
412,0.9965205
413,2.1426722e-07
414,0.76919293
415,0.99566865
416,0.34100133
417,0.86283994
418,0.06557861
419,0.04113391
420,0.9904737
421,0.0010717511
422,0.9130646
423,0.10981062
424,0.98194945
425,0.057678223
426,0.9935491
427,0.77310055
428,0.17777735
429,0.052393436
430,0.6697229
431,0.9855282
432,0.016601533
433,0.6388975
434,0.047483534
435,0.17706072
436,0.0055526793
437,0.98522186
438,0.9883059
439,0.14681038
440,0.114709765
441,0.25100344
442,0.7277808
443,0.5321903
444,0.06255871
445,0.068469584
446,0.9766078
447,0.33815783
448,0.99971604
449,0.9999698
450,0.6303049
451,0.26299956
452,0.9979888
453,0.2556929
454,0.03235078
455,0.8668895
456,0.01233241
457,0.19779074
458,0.71246105
459,0.94752204
460,0.29998058
461,0.8404097
462,0.7399063
463,0.12402353
464,0.9925689
465,0.8075049
466,0.02811703
467,1.8274382e-05
468,0.49644235
469,0.9918009
470,0.6171214
471,0.7686366
472,0.89678407
473,0.43494597
474,0.0009471476
475,0.5048032
476,0.8270429
477,0.021416456
478,0.4634015
479,0.94452685
480,0.980591
481,0.0045719147
482,0.99977505
483,0.0039375126
484,0.99998474
485,0.9969761
486,0.947242
487,0.9479451
488,0.98612195
489,0.70525277
490,0.8961847
491,0.8317359
492,0.11966771
493,0.50597155
494,0.13469854
495,0.89321125
496,0.9649409
497,0.99459434
498,0.9999918
499,0.46645775
500,0.55347955
501,0.9960985
502,0.9887154
503,0.13129997
504,0.005600512
505,0.55673385
506,0.99994683
507,0.40316623
508,0.0068120956
509,0.29852715
510,0.88998485
511,0.027023882
512,0.99955165
513,0.46723634
514,0.04093921
515,0.10413456
516,4.2400807e-05
517,0.6091062
518,0.11763382
519,0.8326405
520,0.99936306
521,0.7409333
522,0.008664042
523,0.07658422
524,0.17181358
525,0.2519186
526,0.07164097
527,0.31203085
528,0.17746523
529,0.9903364
530,0.99842846
531,0.1977033
532,0.81769097
533,0.24528173
534,0.9832287
535,0.6975957
536,0.9976831
537,0.12404862
538,0.028769135
539,0.61046207
540,0.3556549
541,0.99947214
542,0.9789914
543,0.30060813
544,0.8842019
545,0.9984559
546,0.2655081
547,0.25652546
548,0.99449253
549,0.13121706
550,0.9727944
551,0.89510477
552,0.40976614
553,0.029650658
554,0.99717677
555,0.9721067
556,0.60244215
557,0.95332265
558,0.9599398
559,0.0379422
560,0.9724518
561,0.99976534
562,0.9978579
563,0.9708206
564,0.99125755
565,0.9954189
566,0.014409065
567,0.009415358
568,0.32753533
569,0.990544
570,0.98436904
571,0.99635845
572,0.11871013
573,0.41099465
574,0.015595496
575,0.061431974
576,0.63242674
577,0.96560335
578,0.6564283
579,0.56121594
580,0.0007337034
581,0.9974767
582,0.87194943
583,0.038565397
584,0.98628795
585,0.58614635
586,0.9903106
587,0.7879609
588,0.9992057
589,0.01824969
590,0.8656244
591,0.005127132
592,0.6732788
593,0.100340396
594,0.7410918
595,0.91183084
596,0.042053342
597,0.9965421
598,0.059761286
599,0.19348294
600,0.081201255
601,0.08499348
602,0.06167704
603,0.5973792
604,0.9999702
605,0.9958157
606,0.08330625
607,0.42709738
608,0.8309448
609,0.0024276972
610,0.8625493
611,0.017726362
612,0.9742047
613,0.03347823
614,0.23134154
615,0.28249127
616,0.9992099
617,0.022173792
618,0.341834
619,0.95552135
620,0.00011170518
621,0.99957925
622,0.012858778
623,0.93910503
624,0.6287139
625,1.0
626,0.025712252
627,0.91090727
628,0.9932275
629,0.9544685
630,0.9849613
631,0.9901165
632,0.9995098
633,0.9991207
634,0.84702456
635,0.65953964
636,0.99059844
637,0.9450437
638,0.99996626
639,0.6041263
640,0.015563458
641,0.28619576
642,0.02648747
643,0.66349524
644,0.89989424
645,0.9730954
646,0.32272986
647,0.969467
648,0.76178515
649,0.9505043
650,0.5344291
651,0.9249456
652,0.95814776
653,0.9169037
654,0.6433667
655,0.41852146
656,0.6763196
657,0.54375815
658,0.9807272
659,0.7585288
660,0.682819
661,0.9990803
662,0.9752346
663,0.85088307
664,0.9759805
665,0.8046572
666,0.5591761
667,0.99983823
668,0.77862126
669,0.88405186
670,0.0015733838
671,0.9048902
672,0.53963625
673,0.8338503
674,0.99125504
675,0.8293454
676,0.13959968
677,0.99953216
678,0.030310303
679,0.84849656
680,0.6292144
681,6.7310907e-06
682,0.99641365
683,0.0016183555
684,0.999442
685,0.6402733
686,0.0068143606
687,0.008830756
688,0.9986857
689,0.31003976
690,0.9596324
691,0.058995456
692,0.03139752
693,0.7590489
694,0.0061481
695,0.99769974
696,0.39451513
697,0.0054987073
698,0.98012143
699,0.16606718
700,0.010122836
701,0.08319929
702,0.956785
703,0.028531581
704,0.04729262
705,0.43901625
706,0.91794026
707,0.8984227
708,0.4180158
709,0.63166374
710,0.85605407
711,0.17087457
712,0.11413911
713,0.9625759
714,0.883909
715,0.9255482
716,0.91795826
717,0.99998975
718,0.006638795
719,0.89490473
720,0.9999973
721,0.27490383
722,0.16499195
723,0.99828005
724,0.022492886
725,0.06290212
726,0.24327326
727,0.99450266
728,0.020650119
729,0.02008447
730,0.17145872
731,0.021009684
732,0.9999387
733,0.07116869
734,0.9984629
735,0.98029804
736,0.9998371
737,0.052975535
738,0.99157196
739,0.68138033
740,0.54397154
741,0.13881728
742,0.78557825
743,0.99880457
744,0.9991321
745,0.010223329
746,0.1103079
747,0.98690915
748,0.16412246
749,0.025966972
750,0.20285532
751,0.99950904
752,0.03442058
753,0.22660998
754,0.9969943
755,0.4459305
756,0.38683248
757,0.120592326
758,0.32473212
759,0.98248863
760,0.017948478
761,0.022573799
762,0.9996234
763,0.999791
764,0.84460634
765,0.8792422
766,0.02286163
767,0.55583745
768,0.856568
769,0.2249563
770,0.9171047
771,0.51022094
772,0.9688043
773,0.22714978
774,0.6947341
775,0.9953025
776,0.9969751
777,0.99786305
778,0.7247816
779,0.9617448
780,0.12574211
781,0.9981153
782,0.003870517
783,0.95139325
784,0.40406105
785,0.8866768
786,0.7693211
787,0.999297
788,0.574844
789,0.99972236
790,0.99553216
791,0.9741523
792,0.43083268
793,0.3708238
794,0.19610506
795,0.9988213
796,0.8552078
797,0.5200837
798,0.9694127
799,0.379417
800,0.42785925
801,0.18950373
802,0.99929994
803,0.9831951
804,0.9857156
805,0.05239311
806,0.15522528
807,0.9996281
808,0.99229264
809,0.7908263
810,0.99705637
811,0.41902322
812,0.0017569661
813,0.0038261712
814,0.012901187
815,0.98494756
816,0.9853633
817,0.9874125
818,0.5126543
819,0.16998833
820,0.99222004
821,0.89950347
822,0.64240396
823,0.123116255
824,0.9758197
825,0.9863587
826,0.1975629
827,0.9959686
828,0.9992244
829,0.99801075
830,0.9183489
831,0.07823604
832,0.7864877
833,0.7103629
834,0.018496156
835,0.2881289
836,0.98684615
837,0.7890689
838,0.1297121
839,0.95412123
840,0.64545536
841,0.5341717
842,0.8788868
843,0.53451246
844,0.17942333
845,0.9803697
846,0.26078892
847,0.04061693
848,0.2286233
849,0.1668832
850,0.32301214
851,0.5961751
852,0.10816482
853,0.9966426
854,0.9061724
855,0.9667034
856,0.9830897
857,0.9971725
858,0.2363981
859,0.47300264
860,0.9931518
861,0.11137357
862,0.18038225
863,0.060702443
864,0.026288241
865,0.36777878
866,0.94208115
867,0.82161653
868,0.0018624663
869,0.009544224
870,0.09371254
871,0.02884382
872,0.94224226
873,0.38945234
874,0.003917128
875,0.3426823
876,0.0018551052
877,0.9769354
878,0.7629838
879,0.9220192
880,0.9557126
881,0.6002499
882,0.60012877
883,0.0058173537
884,0.5473847
885,0.99679387
886,0.2637437
887,0.35555694
888,0.046080768
889,0.10476592
890,0.2908724
891,0.8422866
892,0.99683535
893,0.037691236
894,0.893947
895,0.015590876
896,0.27947158
897,0.927054
898,0.08381283
899,0.9975998
900,0.23235959
901,0.86275256
902,0.07445794
903,0.99876624
904,0.44210535
905,0.9995888
906,0.31654108
907,0.49062482
908,0.0027274191
909,0.7397156
910,0.9725387
911,0.40286532
912,0.23362356
913,0.039472103
914,0.99866676
915,0.5104732
916,0.8402946
917,0.88556826
918,0.22967297
919,0.16014463
920,0.9995935
921,0.50269955
922,0.10891649
923,0.38117212
924,0.48414335
925,0.9785322
926,0.5011834
927,0.8981813
928,0.9291899
929,0.3260933
930,0.8233685
931,0.051900595
932,0.83833975
933,0.9969728
934,0.76288116
935,0.9186724
936,0.031308025
937,0.08693892
938,0.13946113
939,0.05383852
940,0.13132966
941,0.99999785
942,0.983595
943,0.013245523
944,0.9996855
945,0.9805933
946,0.99910533
947,0.20975938
948,0.2625989
949,0.876049
950,0.67530966
951,0.99991435
952,0.79301
953,0.9782152
954,0.04362312
955,0.92588794
956,0.9007421
957,0.9518014
958,0.994803
959,0.02069065
960,0.32388127
961,0.017110944
962,0.9944376
963,0.22613654
964,0.023538113
965,0.9653564
966,0.1611293
967,0.7285764
968,0.16996339
969,0.99469054
970,0.7247323
971,0.6585486
972,0.5867686
973,0.018817991
974,0.32552382
975,0.9973949
976,0.8795067
977,0.14587927
978,0.037284344
979,0.99971294
980,0.24679428
981,0.24988014
982,0.516693
983,0.21877599
984,0.9999045
985,0.02944392
986,0.26462907
987,0.0051606596
988,0.20939347
989,0.9916247
990,0.45830706
991,0.8655789
992,0.07002786
993,0.9548194
994,0.96892333
995,0.0015848577
996,0.035557568
997,0.99796313
998,0.31107798
999,0.1231249
1000,0.86652017
1001,0.9791542
1002,0.47710013
1003,0.3405993
1004,0.99949384
1005,0.03582111
1006,0.99633074
1007,0.9900998
1008,0.20400873
1009,0.8618039
1010,0.083543986
1011,0.99830496
1012,0.7796079
1013,0.9968867
1014,0.9703679
1015,0.3596043
1016,0.94248796
1017,0.99914294
1018,0.9514046
1019,0.93927777
1020,0.23922566
1021,0.9869601
1022,0.012712032
1023,0.82221425
1024,0.7547866
1025,0.9884006
1026,0.92038417
1027,0.48823792
1028,0.25933406
1029,0.0012007654
1030,0.9954306
1031,0.9997125
1032,0.4628811
1033,0.84600836
1034,0.01023373
1035,0.09243032
1036,0.54999256
1037,0.985692
1038,0.9548243
1039,0.999877
1040,0.99310446
1041,0.8373865
1042,0.9892696
1043,0.016988486
1044,0.9923384
1045,0.912261
1046,0.23797318
1047,0.99630076
1048,0.9999581
1049,0.7990638
1050,0.26770848
1051,0.9654138
1052,0.14813858
1053,9.3431314e-05
1054,0.98425835
1055,0.12758523
1056,0.9999565
1057,0.9925493
1058,0.85078794
1059,0.011005133
1060,0.7742654
1061,0.9488381
1062,0.006622821
1063,0.9921464
1064,0.20593801
1065,0.7589452
1066,0.35875687
1067,0.20937723
1068,0.29196972
1069,0.011248231
1070,0.22347063
1071,0.36988306
1072,0.83728194
1073,0.9989841
1074,0.0015205741
1075,0.015455157
1076,0.93266326
1077,8.6148015e-05
1078,0.99612
1079,0.9924545
1080,0.9892192
1081,0.017438054
1082,0.047009736
1083,0.8954147
1084,0.5063028
1085,0.99887943
1086,0.0027478933
1087,0.76334405
1088,0.51286465
1089,0.36856702
1090,0.9956993
1091,0.03996706
1092,0.013507366
1093,0.13665602
1094,0.9238473
1095,0.99999785
1096,0.75660014
1097,0.98741925
1098,0.09124532
1099,0.71786195
1100,0.47269753
1101,0.05158347
1102,0.21310452
1103,0.9999418
1104,0.6021444
1105,0.26662526
1106,0.9999358
1107,0.45646104
1108,0.020459265
1109,0.9999924
1110,0.014564961
1111,0.99765056
1112,0.8427369
1113,0.00797382
1114,0.99701566
1115,0.07270712
1116,0.41359657
1117,0.9192591
1118,0.87723607
1119,0.13125521
1120,0.40593606
1121,0.51365733
1122,0.9999498
1123,0.81790733
1124,0.8864422
1125,0.03520605
1126,0.395415
1127,0.9676514
1128,0.43609768
1129,0.9921247
1130,0.988747
1131,0.981138
1132,0.5329289
1133,0.9965774
1134,0.18569553
1135,0.090306014
1136,0.99862194
1137,0.21568167
1138,0.8751
1139,0.9978905
1140,0.009634554
1141,0.77459145
1142,0.99890876
1143,0.0315291
1144,0.07542017
1145,0.6330348
1146,0.1537979
1147,0.53782606
1148,0.26862705
1149,0.9784856
1150,0.035741866
1151,0.7884238
1152,0.994519
1153,0.8393626
1154,0.7498824
1155,0.97331643
1156,0.99989897
1157,0.15834206
1158,0.49773973
1159,0.87936217
1160,0.98791516
1161,0.9237182
1162,0.59184206
1163,0.99905014
1164,0.881055
1165,0.81532484
1166,0.98440766
1167,0.99875414
1168,0.9724355
1169,0.9618087
1170,0.9946401
1171,0.99687433
1172,0.78767765
1173,0.036399722
1174,0.982
1175,0.9979228
1176,0.03177774
1177,0.057287425
1178,0.8268827
1179,0.49621576
1180,0.24168167
1181,0.98956275
1182,0.07948336
1183,0.100934625
1184,0.99799526
1185,0.9898178
1186,0.12048963
1187,0.99340296
1188,0.97142005
1189,0.9985004
1190,0.8546624
1191,0.9958702
1192,0.014480114
1193,0.983521
1194,0.98023164
1195,0.33050036
1196,0.70010936
1197,0.05095625
1198,0.31637955
1199,0.22724107
1200,0.0053718686
1201,0.125444
1202,0.9459166
1203,0.09462649
1204,0.9958627
1205,0.999211
1206,0.0023367107
1207,0.62067205
1208,0.90107226
1209,0.93433404
1210,0.62640864
1211,0.0013726652
1212,0.58906883
1213,0.99899435
1214,0.82308716
1215,0.9025965
1216,0.98470104
1217,0.9998747
1218,0.99971604
1219,0.38474005
1220,0.4875644
1221,0.3207303
1222,0.17763567
1223,0.9512871
1224,0.09902805
1225,0.86431026
1226,0.0358907
1227,0.6394289
1228,0.99996746
1229,0.029902846
1230,0.0002155304
1231,0.99896216
1232,0.0481638
1233,0.0019630194
1234,0.62807786
1235,0.14846015
1236,0.013323098
1237,0.14414975
1238,9.459645e-06
1239,0.9900845
1240,0.900944
1241,0.86280155
1242,0.99566036
1243,0.91528684
1244,0.9766593
1245,0.9996973
1246,0.8293388
1247,0.6979496
1248,0.029703617
1249,0.6817079
1250,0.40401074
1251,0.85906136
1252,0.98091006
1253,0.01535368
1254,0.9999608
1255,0.989393
1256,0.37789845
1257,0.81711215
1258,0.09353572
1259,0.011227518
1260,0.24949244
1261,0.67289233
1262,0.29231167
1263,0.0012151599
1264,0.45674524
1265,0.03592351
1266,0.3860437
1267,0.6709336
1268,0.043147326
1269,0.9618826
1270,0.616096
1271,0.99085474
1272,0.9990761
1273,0.5412674
1274,0.9996431
1275,0.015298098
1276,0.4490252
1277,0.032208413
1278,0.98418677
1279,0.9861003
1280,0.99991035
1281,0.9991374
1282,0.0015684068
1283,0.993696
1284,0.9999143
1285,0.9915656
1286,0.99999815
1287,0.98575234
1288,0.42589325
1289,0.95805
1290,0.27553394
1291,0.9999664
1292,0.99633944
1293,0.18879375
1294,0.99288833
1295,0.14188004
1296,0.22131953
1297,0.98421264
1298,0.8614403
1299,0.04248646
1300,0.53530735
1301,0.26221204
1302,0.7641389
1303,0.11795744
1304,0.9362845
1305,0.62771714
1306,0.0015961528
1307,0.972932
1308,0.95736814
1309,0.34725505
1310,0.71047443
1311,0.9998419
1312,0.94230974
1313,0.70416045
1314,0.42837188
1315,0.9985498
1316,0.85199875
1317,0.9954374
1318,0.51250744
1319,0.17406118
1320,0.04038188
1321,0.39155176
1322,0.12708879
1323,0.99829125
1324,0.99987686
1325,0.5700927
1326,0.30704796
1327,0.9564669
1328,0.9634712
1329,0.9844564
1330,0.58810586
1331,0.97335756
1332,0.005796045
1333,0.21435592
1334,0.0044303834
1335,0.12960392
1336,0.25681645
1337,0.36838806
1338,0.99482465
1339,0.9239439
1340,0.96134835
1341,0.021436006
1342,0.910226
1343,0.9999608
1344,0.004406661
1345,0.2994814
1346,0.092460155
1347,0.0039693117
1348,0.9722847
1349,0.9192796
1350,0.949056
1351,0.699843
1352,0.2479639
1353,0.092437565
1354,0.03581044
1355,0.9197399
1356,0.99800915
1357,0.76132035
1358,0.029291064
1359,0.828812
1360,0.25966752
1361,0.6926912
1362,0.9384098
1363,0.51705647
1364,0.43930545
1365,0.074445605
1366,0.02936685
1367,0.9856411
1368,0.95629525
1369,0.9992611
1370,0.09899995
1371,0.76617837
1372,0.9933029
1373,0.88486195
1374,0.0102882385
1375,0.034680754
1376,0.9980278
1377,0.013120353
1378,0.808634
1379,0.9959601
1380,0.08725634
1381,0.2963873
1382,0.12218562
1383,0.9999724
1384,0.98689115
1385,0.76500607
1386,0.9957361
1387,0.5167773
1388,0.05196157
1389,0.99912894
1390,0.9986775
1391,0.77845776
1392,0.013843626
1393,0.48809466
1394,0.9885298
1395,0.59711665
1396,0.99981344
1397,0.9987775
1398,0.2138159
1399,0.41877547
1400,0.5847878
1401,0.99989057
1402,0.53783387
1403,0.2107079
1404,0.007985741
1405,0.97053146
1406,0.999926
1407,0.004595816
1408,0.9003291
1409,0.98994076
1410,0.24855903
1411,0.33560354
1412,0.8726932
1413,0.9976509
1414,0.146056
1415,0.029203981
1416,0.82478786
1417,0.6886592
1418,0.9915293
1419,0.980511
1420,0.04018575
1421,0.21930516
1422,0.89913374
1423,0.82217586
1424,0.9724426
1425,0.12658116
1426,0.045925856
1427,0.992535
1428,0.7610656
1429,0.94471633
1430,0.5272964
1431,0.35166138
1432,0.99774146
1433,0.97163826
1434,0.005904168
1435,0.25293618
1436,0.16224903
1437,0.99751556
1438,0.000631392
1439,0.31156534
1440,0.89161503
1441,1.0
1442,0.003693521
1443,0.98621833
1444,0.90048075
1445,0.00035476685
1446,0.3510337
1447,0.99998325
1448,0.99866545
1449,0.32829642
1450,0.01676613
1451,0.9633321
1452,0.99856436
1453,0.24699429
1454,0.90611285
1455,0.9976972
1456,0.3567853
1457,0.9910609
1458,0.99615633
1459,0.9067482
1460,0.97122097
1461,0.99911064
1462,0.9999819
1463,0.8166847
1464,0.99885464
1465,0.20058545
1466,0.9999202
1467,0.8551533
1468,0.24199131
1469,0.26855773
1470,0.06777713
1471,0.70927835
1472,0.6798518
1473,0.98451495
1474,0.7063188
1475,0.10543224
1476,0.99905926
1477,0.64375985
1478,0.070165634
1479,0.046836823
1480,0.99930584
1481,0.0015139878
1482,0.081361175
1483,0.9703976
1484,0.998487
1485,0.48978293
1486,0.9825206
1487,0.9972249
1488,0.18374312
1489,0.9984944
1490,0.20607698
1491,0.21057516
1492,0.09586167
1493,0.9992776
1494,0.69407654
1495,0.9715425
1496,0.99948084
1497,0.9721945
1498,0.106867045
1499,0.942142
1500,0.99880505
1501,0.872624
1502,0.9303524
1503,0.36003882
1504,0.08212343
1505,0.74758995
1506,0.8000363
1507,0.04886964
1508,0.4026662
1509,0.21857193
1510,0.9900747
1511,0.9544496
1512,0.9584625
1513,0.025486916
1514,0.9397199
1515,0.99931264
1516,0.2793055
1517,0.022284746
1518,0.9999914
1519,0.15257448
1520,0.002064079
1521,0.99902093
1522,0.54473853
1523,0.2341794
1524,0.031249344
1525,0.9963399
1526,0.9595947
1527,0.8345271
1528,0.5837712
1529,0.001055032
1530,0.2803988
1531,0.07690042
1532,0.0073737204
1533,0.18868646
1534,0.0016442239
1535,0.0041276217
1536,0.076081336
1537,0.92959344
1538,0.681733
1539,0.73275006
1540,0.9857242
1541,0.100449204
1542,0.9999966
1543,0.92477655
1544,0.9991002
1545,0.033678114
1546,0.3013444
1547,0.99948335
1548,0.6702347
1549,0.021410137
1550,0.038160473
1551,0.12709746
1552,0.9952134
1553,0.9779906
1554,0.7936727
1555,0.14360309
1556,0.89864624
1557,0.98319674
1558,0.44803086
1559,0.0014367104
1560,0.8562609
1561,0.20578751
1562,0.68699586
1563,0.14616936
1564,0.022413552
1565,0.3003651
1566,0.785049
1567,0.95242083
1568,0.8677474
1569,0.00079268217
1570,0.11402497
1571,0.80947447
1572,0.99752784
1573,0.71975714
1574,0.022907794
1575,0.028133601
1576,0.2577039
1577,0.99975777
1578,0.27863574
1579,0.0022836924
1580,0.35060304
1581,0.021920502
1582,0.81820726
1583,0.15738186
1584,0.91947347
1585,0.99972546
1586,0.8957021
1587,0.21041477
1588,0.99633825
1589,0.9918223
1590,0.9061401
1591,0.96744263
1592,0.24818918
1593,0.66219056
1594,0.005127907
1595,0.007917047
1596,0.7037417
1597,0.0002937615
1598,0.9998319
1599,0.9818363
1600,0.8441307
1601,0.89791685
1602,0.9991251
1603,0.99437124
1604,0.34774947
1605,0.9061935
1606,0.99990916
1607,0.9998699
1608,0.1753842
1609,0.572823
1610,0.032857507
1611,0.0043631196
1612,0.94189787
1613,0.34550804
1614,0.9832953
1615,0.7169832
1616,0.4972351
1617,0.250763
1618,0.9968928
1619,0.91881776
1620,0.8702221
1621,0.35870486
1622,0.24187317
1623,0.99853456
1624,0.9967619
1625,0.9998303
1626,0.08258307
1627,0.9358612
1628,0.940247
1629,0.035912365
1630,0.7982589
1631,0.67797077
1632,0.7085238
1633,0.029525518
1634,0.9078922
1635,0.98749024
1636,0.999722
1637,0.9482869
1638,0.29735366
1639,0.9973188
1640,0.96276623
1641,0.7341891
1642,0.35807645
1643,0.03770557
1644,2.5840805e-05
1645,0.24830788
1646,0.16696882
1647,0.0024681985
1648,0.7496224
1649,0.031120926
1650,0.54672986
1651,0.9306593
1652,0.07344511
1653,0.0008572936
1654,0.99073625
1655,0.9970973
1656,0.9743961
1657,0.0010459125
1658,0.9960301
1659,0.9469652
1660,0.6133433
1661,0.515874
1662,0.0009910762
1663,0.99934304
1664,0.36407006
1665,0.99998546
1666,0.7146922
1667,0.5895905
1668,0.005005896
1669,0.40273222
1670,0.01195699
1671,0.040762395
1672,0.5233141
1673,0.5572524
1674,0.35881788
1675,0.1184898
1676,0.014706999
1677,0.99998677
1678,0.3147668
1679,0.17231533
1680,0.8640661
1681,0.9877168
1682,0.9752028
1683,0.010285348
1684,0.5534097
1685,0.9953216
1686,0.15840706
1687,0.96996593
1688,0.5389045
1689,0.0786708
1690,0.02394411
1691,0.98251295
1692,0.22073588
1693,0.9925132
1694,0.7155126
1695,0.3286534
1696,0.062251836
1697,0.61678004
1698,0.8901092
1699,0.9706722
1700,0.979424
1701,0.073718876
1702,0.068081975
1703,0.0021259785
1704,0.0986242
1705,0.025148094
1706,0.25283456
1707,0.9880082
1708,0.0012642145
1709,0.8906007
1710,0.6231014
1711,0.99953574
1712,0.20915022
1713,0.98066914
1714,0.74237597
1715,0.01575008
1716,0.36626035
1717,0.088810176
1718,0.00051277876
1719,0.058787823
1720,0.025079578
1721,0.00040495396
1722,0.046988428
1723,0.18903124
1724,0.0011429489
1725,0.9977639
1726,0.8782797
1727,7.92142e-06
1728,0.9997127
1729,0.99720174
1730,0.9319465
1731,0.9826393
1732,0.004303962
1733,0.075470865
1734,0.11743221
1735,0.55883074
1736,0.7934578
1737,0.00087431073
1738,0.80196416
1739,0.9505831
1740,0.17597479
1741,0.0047928095
1742,0.055730373
1743,0.07802865
1744,0.9998368
1745,0.34455198
1746,0.653673
1747,0.40734804
1748,0.8846851
1749,0.8142446
1750,0.0032192767
1751,0.0073781908
1752,0.018031746
1753,0.9957139
1754,0.9896004
1755,0.9089377
1756,0.02308625
1757,0.99754536
1758,0.9999083
1759,0.9945266
1760,0.6664409
1761,0.012028843
1762,0.028214008
1763,0.9957357
1764,0.3378202
1765,0.99832106
1766,0.1134547
1767,0.06987795
1768,0.53554577
1769,0.037796915
1770,0.36750114
1771,0.2399779
1772,0.06282365
1773,0.98275036
1774,0.8865439
1775,0.10085851
1776,0.001363039
1777,0.0065166354
1778,0.8478357
1779,0.22223914
1780,0.08063543
1781,0.02113843
1782,0.79757625
1783,0.7737367
1784,0.9818007
1785,0.9044912
1786,0.92172706
1787,0.42422038
1788,0.9698639
1789,0.049209863
1790,0.06276944
1791,0.42106166
1792,0.66421187
1793,0.1478028
1794,0.22634965
1795,0.0039288104
1796,0.7084161
1797,0.0015644133
1798,0.0018371344
1799,0.0058570206
1800,0.9119359
1801,0.49187696
1802,0.45628306
1803,0.74671054
1804,0.085479826
1805,0.014372885
1806,0.0074059665
1807,0.99859774
1808,0.4999222
1809,0.42129615
1810,0.99867785
1811,0.9245579
1812,0.83901167
1813,0.5901806
1814,0.20932159
1815,0.036207676
1816,0.83834434
1817,0.11362073
1818,0.0118545
1819,0.78609145
1820,0.9897164
1821,0.16961986
1822,0.83951056
1823,0.03322503
1824,0.7896235
1825,0.031424344
1826,0.99576116
1827,0.051947027
1828,0.681232
1829,0.3270735
1830,0.22361031
1831,0.98651564
1832,0.96565866
1833,0.9887192
1834,0.96936536
1835,0.36752653
1836,0.01655969
1837,0.58130616
1838,0.98417175
1839,0.2629268
1840,0.93318844
1841,0.9210191
1842,0.9996941
1843,0.4404138
1844,0.52091986
1845,0.97212887
1846,0.65473545
1847,0.97498715
1848,0.7465796
1849,0.008198231
1850,0.86583126
1851,0.99595964
1852,0.12695092
1853,0.9550229
1854,0.03785804
1855,0.3232801
1856,0.0040116906
1857,0.9736201
1858,0.7042047
1859,0.97504205
1860,0.9735829
1861,0.016659021
1862,0.99621063
1863,0.97584754
1864,0.30953032
1865,0.07246223
1866,0.43423834
1867,0.86094576
1868,0.8933215
1869,0.0006046593
1870,0.21536818
1871,0.90555596
1872,0.08463633
1873,0.94498813
1874,0.72493917
1875,0.02933973
1876,0.12320772
1877,0.10401067
1878,0.6631551
1879,0.6941611
1880,0.41962045
1881,0.99839103
1882,0.45335189
1883,0.009278297
1884,0.16506308
1885,0.030209959
1886,5.4736454e-05
1887,0.9980689
1888,0.99940664
1889,0.077393085
1890,0.94563425
1891,0.016592532
1892,0.21674484
1893,0.011310995
1894,0.2674126
1895,0.05070007
1896,0.06457919
1897,0.03303215
1898,0.9998924
1899,0.8972389
1900,0.9981922
1901,0.21407783
1902,0.9904797
1903,0.9793329
1904,0.018425107
1905,0.57317173
1906,0.3133181
1907,0.9809658
1908,0.99940753
1909,0.8049534
1910,0.65613693
1911,0.49876538
1912,0.99311566
1913,0.011270523
1914,0.6344886
1915,0.99654496
1916,0.9241319
1917,0.040377945
1918,0.998992
1919,0.122959435
1920,0.9982828
1921,0.80397046
1922,0.00021535158
1923,0.38695073
1924,0.5303198
1925,0.9727241
1926,0.9903606
1927,0.99985886
1928,0.9839773
1929,0.99479383
1930,0.33239144
1931,0.52369756
1932,0.06014666
1933,0.58278674
1934,0.002357304
1935,0.98679817
1936,0.84494966
1937,0.99915934
1938,0.7107496
1939,0.022073805
1940,0.28364396
1941,0.34509873
1942,0.09197694
1943,0.00015610456
1944,0.18629318
1945,0.28738195
1946,0.9812852
1947,0.99135935
1948,0.00014358759
1949,8.529496e-05
1950,0.9958769
1951,0.86366105
1952,0.58529055
1953,0.7807499
1954,0.20592332
1955,0.5884565
1956,0.90048933
1957,0.017946959
1958,0.00013136864
1959,0.9991676
1960,0.983187
1961,0.31663144
1962,0.9955483
1963,0.98460984
1964,0.858817
1965,0.08818716
1966,0.98308253
1967,0.0010043681
1968,0.9896095
1969,0.67568845
1970,0.72009265
1971,0.011209458
1972,0.79810536
1973,0.9220249
1974,0.23964518
1975,0.5775362
1976,0.48156506
1977,0.57840246
1978,0.62858576
1979,0.21930516
1980,0.74202275
1981,0.9521836
1982,0.9089922
1983,0.38818407
1984,4.0550317e-06
1985,0.97864264
1986,0.9892266
1987,0.00020298362
1988,0.99871755
1989,0.61236566
1990,0.95475596
1991,0.91531205
1992,0.99118435
1993,0.760558
1994,0.86035186
1995,0.43924928
1996,0.101478964
1997,0.99986124
1998,0.02374658
1999,0.44647783
2000,0.35050642
2001,0.07167223
2002,0.7792312
2003,0.9991374
2004,0.004752606
2005,0.9544448
2006,0.74340105
2007,0.07607573
2008,0.99848455
2009,0.9975686
2010,0.7681337
2011,0.050549507
2012,0.25680405
2013,0.99940157
2014,0.30829746
2015,0.9630053
2016,0.015891492
2017,0.89005613
2018,0.028817505
2019,0.8524163
2020,0.97376573
2021,0.46038428
2022,0.08443615
2023,0.9318273
2024,0.36624628
2025,0.99985826
2026,0.4281183
2027,0.790285
2028,0.9997878
2029,0.9624849
2030,0.9896094
2031,0.9907584
2032,0.99816525
2033,0.99949723
2034,0.8993486
2035,0.9973752
2036,0.92652166
2037,0.22568998
2038,0.99101424
2039,0.46235022
2040,0.20640582
2041,0.9959317
2042,0.33215302
2043,0.75183684
2044,0.9314631
2045,0.8041549
2046,0.9323567
2047,0.9989339
2048,0.97018546
2049,0.9995653
2050,0.076996624
2051,0.9365382
2052,0.10969436
2053,0.1107755
2054,0.31138068
2055,0.8093247
2056,0.58788925
2057,0.9958942
2058,0.013031393
2059,0.87978125
2060,0.93728983
2061,0.999825
2062,7.63073e-06
2063,0.0042213798
2064,0.98032695
2065,0.47163296
2066,0.21548629
2067,0.036755294
2068,0.002268374
2069,0.9992217
2070,0.08740312
2071,0.04060334
2072,0.41829816
2073,0.024853915
2074,0.5544722
2075,0.95345366
2076,0.5360364
2077,0.9155793
2078,0.0005939305
2079,0.89088655
2080,0.030666023
2081,0.99648476
2082,0.338611
2083,0.8732108
2084,0.05704552
2085,0.98440975
2086,0.028366894
2087,0.2426644
2088,0.9860832
2089,0.99167395
2090,0.9991218
2091,0.072217464
2092,0.01606962
2093,0.24606481
2094,0.9504548
2095,0.9924477
2096,0.9250196
2097,0.0026050508
2098,0.99955666
2099,0.64834386
2100,0.00079086423
2101,0.6789523
2102,0.06749833
2103,0.17001134
2104,0.48553818
2105,0.9999862
2106,0.4726302
2107,0.3949735
2108,0.99897087
2109,0.5193506
2110,0.9953911
2111,0.10238904
2112,0.1808269
2113,0.9975339
2114,0.21207422
2115,0.3465674
2116,0.89966756
2117,0.9694295
2118,0.7551071
2119,0.9901055
2120,0.057231307
2121,0.92935735
2122,0.08933732
2123,0.0661197
2124,0.3022566
2125,0.96356237
2126,0.9988229
2127,0.01929614
2128,0.6127286
2129,0.009310335
2130,0.5252794
2131,0.9534706
2132,0.3117658
2133,0.3383798
2134,0.7521111
2135,0.120554656
2136,0.7366768
2137,0.9964894
2138,0.9993919
2139,0.541132
2140,0.9999244
2141,0.26058927
2142,0.0023085773
2143,0.70222527
2144,0.9570539
2145,0.99696994
2146,0.32384843
2147,0.046800762
2148,0.1469574
2149,0.07422122
2150,0.99317014
2151,0.6524319
2152,0.99999964
2153,0.9995656
2154,0.071188
2155,0.4930533
2156,0.9999714
2157,0.85652614
2158,0.7517799
2159,0.041820973
2160,0.8756358
2161,0.0035163462
2162,0.112416804
2163,0.9999299
2164,0.2034041
2165,0.8656859
2166,0.6028788
2167,0.19356942
2168,0.48163956
2169,0.69346786
2170,0.11103514
2171,0.15228397
2172,0.9917067
2173,0.99392647
2174,0.9854089
2175,0.9965422
2176,0.40230495
2177,0.9904851
2178,0.9999393
2179,0.092057556
2180,0.8779632
2181,0.9815054
2182,0.8224788
2183,0.31859577
2184,0.008158475
2185,0.99877393
2186,0.0056110024
2187,0.016518205
2188,0.988829
2189,0.012078345
2190,0.999512
2191,0.8546958
2192,0.99108636
2193,0.19605297
2194,0.84545517
2195,0.9113362
2196,0.40163276
2197,0.7088431
2198,0.045318604
2199,0.9760732
2200,0.85842633
2201,0.99921286
2202,0.07011071
2203,0.94457924
2204,0.3839333
2205,0.99983656
2206,0.4689589
2207,0.9091565
2208,0.9963602
2209,0.4551381
2210,0.8576585
2211,0.9534657
2212,0.006346315
2213,0.84068197
2214,0.97022384
2215,0.10423225
2216,0.99501276
2217,0.0029227734
2218,0.070816636
2219,0.045710504
2220,0.7728082
2221,0.49913442
2222,0.96732223
2223,0.72474515
2224,0.9567727
2225,0.7135562
2226,0.99080944
2227,0.96330714
2228,0.29366744
2229,0.88990164
2230,0.22582197
2231,0.99918854
2232,0.9942361
2233,0.7200357
2234,0.9368517
2235,0.58159006
2236,0.94877416
2237,0.980363
2238,0.99849874
2239,0.39181218
2240,0.9997626
2241,0.7650501
2242,0.8992404
2243,0.9043009
2244,0.031001925
2245,0.9997652
2246,0.0005212128
2247,0.001244992
2248,0.15549311
2249,0.5891554
2250,0.9970088
2251,0.9511231
2252,0.64198637
2253,0.99267596
2254,0.7828364
2255,0.9379677
2256,0.0024253726
2257,0.9164942
2258,0.7137093
2259,0.0071186125
2260,0.94982475
2261,0.91399544
2262,0.52006245
2263,0.7426586
2264,0.0037483573
2265,0.034020543
2266,0.254362
2267,0.42888287
2268,0.9998225
2269,0.37959573
2270,0.22259426
2271,0.88127196
2272,0.4533155
2273,0.9633735
2274,0.4563763
2275,0.052603155
2276,0.025171697
2277,0.91367674
2278,1.33786e-05
2279,0.9999988
2280,0.5279255
2281,0.975765
2282,0.24311706
2283,0.50771487
2284,0.9873955
2285,0.08677986
2286,0.99932283
2287,0.9959066
2288,0.64066756
2289,0.99930763
2290,0.1210967
2291,0.06658822
2292,0.27417284
2293,0.98884714
2294,0.92087865
2295,0.9921727
2296,0.78173566
2297,0.96322715
2298,0.0033235848
2299,0.005601734
2300,0.005850196
2301,0.7096759
2302,0.003437966
2303,0.58086336
2304,0.24189326
2305,0.053144217
2306,0.04090157
2307,0.063767344
2308,0.94166696
2309,0.9995315
2310,0.9478658
2311,0.0035063028
2312,0.9222784
2313,0.9854345
2314,0.04338044
2315,0.8251227
2316,0.22125041
2317,0.9344915
2318,0.4590465
2319,0.265961
2320,0.17169806
2321,0.9828168
2322,0.33280438
2323,0.46855173
2324,0.0203498
2325,0.015757501
2326,0.9740399
2327,0.098540306
2328,0.9988197
2329,0.31283674
2330,0.2988217
2331,0.0006598234
2332,0.9690025
2333,0.0017949343
2334,0.99265975
2335,0.9207766
2336,0.9499697
2337,0.9705764
2338,0.029432952
2339,0.06728181
2340,0.012698084
2341,0.07737267
2342,0.0008455515
2343,0.011031985
2344,0.03153771
2345,0.9166641
2346,0.8823552
2347,0.9579978
2348,0.9954385
2349,0.088917315
2350,0.98235834
2351,0.9172443
2352,0.97136784
2353,0.9655515
2354,0.082288414
2355,0.14617145
2356,0.9981047
2357,0.040917248
2358,0.023533762
2359,0.061332494
2360,0.9905853
2361,0.8605038
2362,0.999493
2363,0.28805
2364,0.007995963
2365,0.9880529
2366,0.5407308
2367,0.28777832
2368,0.42342037
2369,0.0038389266
2370,0.0078342855
2371,0.014203101
2372,0.9878727
2373,0.49022037
2374,0.1350666
2375,0.07215765
2376,0.94040835
2377,0.0005147755
2378,0.10256961
2379,0.0007368326
2380,0.99962103
2381,0.77283543
2382,0.44264436
2383,0.49184266
2384,0.024248242
2385,0.9983975
2386,0.0007827282
2387,0.99923825
2388,0.6418085
2389,0.91924334
2390,0.374475
2391,0.9999989
2392,0.8634101
2393,0.6572386
2394,0.3519131
2395,0.008647859
2396,0.91116315
2397,0.75751716
2398,0.93457246
2399,0.70840764
2400,0.9304342
2401,0.21329126
2402,0.7019095
2403,0.9966881
2404,0.5343349
2405,0.13118508
2406,0.122684
2407,0.9936943
2408,0.008814663
2409,0.7984308
2410,0.048703194
2411,0.99998987
2412,0.15376386
2413,0.018009365
2414,0.2736922
2415,0.95856905
2416,0.6641981
2417,0.99891686
2418,0.5076405
2419,0.37074807
2420,0.892244
2421,0.029010981
2422,0.9458699
2423,0.99622893
2424,0.9999464
2425,0.528059
2426,0.25260642
2427,0.39394662
2428,0.42598334
2429,0.99071336
2430,0.1494619
2431,0.049111277
2432,0.81803197
2433,0.18187588
2434,0.9794
2435,0.9265858
2436,0.98762906
2437,0.9932666
2438,0.94059
2439,0.9926752
2440,0.4526953
2441,0.037869543
2442,0.085488915
2443,0.98685193
2444,0.22852665
2445,0.937791
2446,0.99635327
2447,0.055284232
2448,0.003674835
2449,0.67918015
2450,0.99939585
2451,0.030714273
2452,0.025007635
2453,0.029802382
2454,0.8610393
2455,0.63672847
2456,0.97984827
2457,0.98882306
2458,0.08816907
2459,0.039290696
2460,0.52406067
2461,0.3395239
2462,0.8270207
2463,0.38176125
2464,0.16292316
2465,0.018595517
2466,0.0028309226
2467,0.0013970137
2468,0.024424285
2469,0.811037
2470,0.1122438
2471,0.8178619
2472,0.00018596649
2473,0.9955625
2474,0.10236138
2475,0.024755508
2476,0.91911167
2477,0.9987714
2478,0.10631716
2479,0.9948506
2480,0.8997263
2481,0.9916136
2482,0.8956045
2483,0.08841422
2484,0.28974253
2485,0.69206285
2486,0.42168975
2487,0.37750125
2488,0.14921427
2489,0.9799962
2490,0.69088256
2491,0.043732703
2492,0.997658
2493,0.07162723
2494,0.09596801
2495,0.47142583
2496,0.0989975
2497,0.99996006
2498,0.9697347
2499,0.81953245
2500,0.9989109
2501,0.9937718
2502,0.999977
2503,0.002083987
2504,0.9139303
2505,0.9740442
2506,0.3102221
2507,0.9076755
2508,0.99602216
2509,0.031425625
2510,0.9969522
2511,0.013329625
2512,0.6252836
2513,0.9996422
2514,0.30108064
2515,0.9994377
2516,0.51916265
2517,0.9997307
2518,0.64455867
2519,0.9843816
2520,0.6925405
2521,0.11264035
2522,0.9655168
2523,0.9993217
2524,0.9817723
2525,0.99997556
2526,0.5988526
2527,0.8488009
2528,0.13250053
2529,0.98390424
2530,0.39439014
2531,0.9216497
2532,0.0006970763
2533,0.9999982
2534,0.88031447
2535,0.98629016
2536,0.049702436
2537,0.63150334
2538,0.9861561
2539,0.58502644
2540,0.3619208
2541,0.8711918
2542,0.019677848
2543,0.35460657
2544,0.86139554
2545,0.108522266
2546,0.22781706
2547,0.14110002
2548,0.94417125
2549,0.99545586
2550,0.99623626
2551,0.9539474
2552,0.59083927
2553,0.372658
2554,0.46243703
2555,0.63328433
2556,0.73233485
2557,0.07374695
2558,0.4372246
2559,0.28628373
2560,0.9833863
2561,0.0021655858
2562,0.88178295
2563,0.9991685
2564,0.9953172
2565,0.38825813
2566,0.022860467
2567,0.13391474
2568,0.8304748
2569,0.3336398
2570,0.9976097
2571,0.97258365
2572,0.88170767
2573,0.32044196
2574,0.99994576
2575,0.9928578
2576,0.866832
2577,0.96059465
2578,0.2646101
2579,0.7969653
2580,0.46507722
2581,0.19862098
2582,0.9951288
2583,0.5942113
2584,0.7546659
2585,0.16963756
2586,0.33199745
2587,0.0027394593
2588,0.85317314
2589,0.98319775
2590,0.99269617
2591,0.7997165
2592,0.15289268
2593,0.3037308
2594,0.19257206
2595,0.949327
2596,0.98539793
2597,0.02534455
2598,0.85656
2599,0.23491547
2600,0.72615373
2601,0.017137945
2602,0.02244854
2603,0.15021354
2604,0.2789315
2605,0.9980079
2606,0.84071386
2607,0.2629466
2608,0.1419214
2609,0.66820407
2610,0.00024607778
2611,0.8872787
2612,0.9984882
2613,0.010175139
2614,0.99870074
2615,0.74416244
2616,0.033154875
2617,0.99921244
2618,0.76169455
2619,0.8641631
2620,0.85435945
2621,0.0011570156
2622,0.8281038
2623,0.35743102
2624,0.48831913
2625,0.9922813
2626,0.18165806
2627,0.99550635
2628,0.99023175
2629,0.17963877
2630,0.6516568
2631,0.7727251
2632,0.99784756
2633,0.99208456
2634,0.0130497515
2635,0.19778767
2636,0.9996177
2637,0.87247276
2638,0.9997207
2639,0.9875566
2640,0.9253879
2641,0.010287821
2642,0.30932108
2643,0.09673843
2644,0.9956591
2645,0.9998707
2646,0.999591
2647,0.040695757
2648,0.77949816
2649,0.71646553
2650,0.9584648
2651,0.049634904
2652,0.0006892085
2653,0.9981817
2654,0.99486005
2655,0.00047135353
2656,0.0132391155
2657,0.07224512
2658,0.97974324
2659,0.4643233
2660,0.7158959
2661,0.9937736
2662,0.1438975
2663,0.0048507154
2664,0.23185048
2665,0.98498046
2666,0.014494836
2667,0.26675886
2668,0.2684099
2669,0.04199457
2670,0.12549779
2671,0.022614121
2672,0.9972265
2673,4.8733546e-05
2674,0.97029185
2675,0.07379806
2676,0.6027064
2677,0.17964214
2678,0.54716086
2679,0.7877258
2680,0.9996296
2681,0.99999535
2682,0.06366432
2683,0.044546843
2684,0.9995084
2685,0.9658493
2686,0.5424406
2687,0.80910933
2688,0.09110916
2689,0.35963386
2690,0.025107205
2691,0.011935085
2692,0.9999776
2693,0.086829334
2694,0.8124026
2695,0.97171754
2696,0.403454
2697,0.019874781
2698,0.99991375
2699,0.25955355
2700,0.17069536
2701,0.55921936
2702,0.67238927
2703,0.80482876
2704,0.999616
2705,0.6028453
2706,0.99250305
2707,0.9982996
2708,0.0068548024
2709,0.9064569
2710,0.92597854
2711,0.5160257
2712,0.9996961
2713,0.99135107
2714,0.20876536
2715,0.60199565
2716,0.02186498
2717,0.8360779
2718,0.70080596
2719,0.89701
2720,0.006478995
2721,0.24113563
2722,0.8414236
2723,0.90371275
2724,0.35779268
2725,0.8364054
2726,0.92736435
2727,0.5050661
2728,0.9208981
2729,0.76676
2730,0.8695735
2731,0.019940376
2732,0.4659325
2733,0.18623856
2734,0.11442721
2735,0.87721455
2736,0.015948504
2737,0.9915025
2738,0.9503956
2739,0.3141415
2740,0.956124
2741,0.98459923
2742,0.5780631
2743,0.05893594
2744,0.99926245
2745,0.015373409
2746,0.10969958
2747,0.22627887
2748,0.99930143
2749,0.9928112
2750,0.77277386
2751,0.018422127
2752,0.000546813
2753,0.3020903
2754,0.8427351
2755,0.9982643
2756,0.94279504
2757,0.09661594
2758,0.98849636
2759,0.062920004
2760,0.90268373
2761,0.021452278
2762,0.23350266
2763,0.03589794
2764,0.0038388968
2765,0.98910296
2766,0.9992993
2767,0.8353529
2768,0.20078623
2769,0.13983953
2770,0.9999792
2771,0.81829274
2772,0.9986955
2773,0.99648106
2774,0.9966749
2775,0.37611443
2776,0.49271154
2777,0.52554643
2778,0.99560964
2779,0.9993761
2780,0.92926955
2781,0.42227587
2782,0.0013074875
2783,0.9711073
2784,0.00054970384
2785,0.9986758
2786,0.17204118
2787,0.25526458
2788,0.001273483
2789,0.41252553
2790,0.11659664
2791,0.005661845
2792,0.19259539
2793,0.33048886
2794,0.9986508
2795,0.95923007
2796,0.92172694
2797,0.11720058
2798,0.21930516
2799,0.98920256
2800,0.99974537
2801,0.36249974
2802,0.99589133
2803,0.11693096
2804,0.8446444
2805,0.99601686
2806,0.9978372
2807,0.96914816
2808,0.19357684
2809,0.15434694
2810,0.98906314
2811,0.0028060079
2812,0.43038929
2813,0.99153876
2814,0.013712496
2815,0.9788449
2816,0.28547987
2817,0.81388426
2818,0.9989864
2819,0.8291701
2820,0.2583512
2821,0.31489074
2822,0.09182447
2823,0.039300412
2824,0.94015706
2825,0.32395017
2826,0.95801127
2827,0.4979226
2828,0.17314157
2829,0.00358212
2830,0.98940945
2831,0.5930301
2832,0.17949444
2833,0.0125210285
2834,0.0006764233
2835,0.014736861
2836,0.5510364
2837,0.031287253
2838,0.033744395
2839,0.99624777
2840,0.004330516
2841,0.060215652
2842,0.08378044
2843,0.9052805
2844,0.99999976
2845,0.61114013
2846,0.57217944
2847,0.54995596
2848,0.9999341
2849,0.5993425
2850,0.8801247
2851,0.97116256
2852,0.030661166
2853,0.6986072
2854,0.99780834
2855,0.004876852
2856,0.6374315
2857,0.99742985
2858,0.87911856
2859,0.9305146
2860,0.9805683
2861,0.23568925
2862,0.19401905
2863,0.21584323
2864,0.29583687
2865,0.0444026
2866,0.71511966
2867,0.69225466
2868,0.24566704
2869,0.20359689
2870,0.5244446
2871,0.20017076
2872,0.9664328
2873,0.9998057
2874,0.9693743
2875,0.9978067
2876,0.8829057
2877,0.017343163
2878,0.010274112
2879,0.8808577
2880,0.06873146
2881,0.02868411
2882,0.7347641
2883,0.40049085
2884,0.95389557
2885,0.9973477
2886,0.1016874
2887,0.86375
2888,0.051487297
2889,0.01337257
2890,0.48828596
2891,0.97907
2892,0.001837343
2893,0.99664235
2894,0.99251956
2895,0.9912633
2896,0.9975697
2897,0.030070752
2898,0.0001552403
2899,0.98778206
2900,0.0951094
2901,0.36146933
2902,0.17800373
2903,0.049280167
2904,0.8543506
2905,0.11789501
2906,0.14718297
2907,0.08117777
2908,0.4423963
2909,0.29081273
2910,0.9915502
2911,0.9976699
2912,0.03227848
2913,0.9554181
2914,0.99933124
2915,0.3413568
2916,0.3087055
2917,0.9982722
2918,0.9873194
2919,0.8867593
2920,0.26028612
2921,1.0
2922,0.9334893
2923,0.990544
2924,0.082001805
2925,0.061436504
2926,0.02520451
2927,0.9727906
2928,0.9979514
2929,0.90299904
2930,0.9994714
2931,0.9973448
2932,0.86339295
2933,0.99334884
2934,0.012875676
2935,0.8841824
2936,0.99940264
2937,0.06893429
2938,0.574626
2939,0.92564905
2940,0.86050737
2941,0.032731563
2942,0.7737706
2943,0.017328143
2944,0.13628742
2945,0.6216943
2946,0.99939317
2947,0.013982087
2948,0.30002207
2949,0.99884367
2950,0.99971956
2951,0.46698856
2952,0.010412604
2953,0.00452286
2954,0.9782496
2955,0.30019912
2956,0.49245715
2957,0.004993379
2958,0.46195176
2959,0.033338457
2960,0.033552438
2961,0.35632765
2962,0.81627107
2963,0.775373
2964,0.90613294
2965,0.080791116
2966,0.03491345
2967,0.00032436848
2968,0.00039884448
2969,0.16825163
2970,0.50186163
2971,0.9953892
2972,0.94642544
2973,0.15832368
2974,0.24845192
2975,0.9932056
2976,0.5606944
2977,0.013280928
2978,0.8525856
2979,0.15357861
2980,0.9807911
2981,1.0
2982,0.8644386
2983,0.9894693
2984,0.99989164
2985,0.9619763
2986,0.9997583
2987,0.9983759
2988,0.97148585
2989,0.9723302
2990,0.4050337
2991,0.8861942
2992,0.0008775592
2993,0.4153264
2994,0.0032887459
2995,0.76374507
2996,0.742813
2997,0.57673633
2998,0.91874266
2999,0.2153951
3000,0.25784272
3001,0.6747225
3002,0.9983525
3003,0.12583476
3004,0.5158432
3005,0.95875275
3006,0.9997276
3007,0.13000268
3008,0.095642745
3009,0.06822428
3010,0.37460148
3011,0.5370497
3012,0.2626304
3013,0.0051526725
3014,0.999959
3015,0.07435849
3016,0.24738869
3017,0.81124705
3018,0.06566316
3019,0.05247593
3020,0.033771783
3021,0.41968566
3022,0.32635975
3023,0.9992585
3024,0.9948414
3025,0.86331284
3026,0.9999132
3027,0.999776
3028,0.018508583
3029,0.15877807
3030,0.0011270344
3031,0.025633603
3032,0.97231907
3033,0.79956794
3034,0.017131835
3035,0.000103887585
3036,0.9018182
3037,0.03160405
3038,0.97316515
3039,0.22001195
3040,0.9739525
3041,0.008455932
3042,0.012096912
3043,0.99038744
3044,0.963454
3045,0.9104068
3046,0.18353015
3047,0.14092508
3048,0.055779368
3049,0.84707505
3050,0.57074106
3051,0.99878156
3052,0.80779696
3053,0.632154
3054,0.5297202
3055,0.9973585
3056,0.76151615
3057,0.116759986
3058,0.12242332
3059,0.47796178
3060,0.111961305
3061,0.99529386
3062,0.16487181
3063,0.0015446842
3064,0.9911976
3065,0.00960201
3066,0.92688954
3067,0.7335152
3068,0.98787737
3069,0.99935114
3070,0.9785994
3071,0.07253677
3072,0.34792092
3073,0.830841
3074,0.93801236
3075,0.17090452
3076,0.8992197
3077,1.0
3078,0.97805774
3079,0.0011617541
3080,0.8599021
3081,0.20530364
3082,0.19232109
3083,0.99576664
3084,0.04435429
3085,0.5583701
3086,0.35733438
3087,0.9951178
3088,0.85681546
3089,0.111965835
3090,0.008528084
3091,0.9167671
3092,0.0032372475
3093,0.9801532
3094,0.998239
3095,0.2351299
3096,0.9137479
3097,0.52897066
3098,1.8254804e-07
3099,0.9956124
3100,0.7790463
3101,0.86277366
3102,0.034187138
3103,0.0046263337
3104,0.00649029
3105,0.96457106
3106,0.90540314
3107,0.47989142
3108,0.50133914
3109,0.21117109
3110,0.5498539
3111,0.523995
3112,0.022672862
3113,0.99996823
3114,0.94669443
3115,0.19393763
3116,0.12034294
3117,0.7081924
3118,0.99314964
3119,0.99951005
3120,0.21402717
3121,0.2772536
3122,0.9823476
3123,0.29907656
3124,0.32916266
3125,0.9362288
3126,0.999902
3127,0.5701052
3128,0.55938905
3129,0.9664475
3130,0.96231776
3131,0.5946867
3132,0.53683996
3133,0.031060874
3134,0.39513683
3135,0.89688313
3136,0.26724476
3137,0.085496694
3138,0.871142
3139,0.5107048
3140,0.9242289
3141,0.9772357
3142,0.9824434
3143,0.45063168
3144,0.9996414
3145,0.10735449
3146,0.1651394
3147,0.9655806
3148,0.964099
3149,0.9999206
3150,0.0075795352
3151,0.8579321
3152,0.04557249
3153,0.05893427
3154,0.37498635
3155,0.77687097
3156,0.025628895
3157,0.038288623
3158,0.98466486
3159,0.99979496
3160,0.9991057
3161,0.7764446
3162,0.5240428
3163,0.26548615
3164,0.05447066
3165,0.62547845
3166,0.4591967
3167,0.5622653
3168,0.58935064
3169,0.04856816
3170,0.60751307
3171,0.51872295
3172,0.012298256
3173,0.8722506
3174,0.99661696
3175,0.27315164
3176,0.4764592
3177,0.14341956
3178,0.02358219
3179,0.30570728
3180,0.37796283
3181,0.7289497
3182,0.8275962
3183,0.32627237
3184,0.08447495
3185,0.032099485
3186,0.41552964
3187,0.072803736
3188,0.099248946
3189,0.9911869
3190,0.016638905
3191,0.9570714
3192,0.41396177
3193,0.99968314
3194,0.9169589
3195,0.8848306
3196,0.5248544
3197,0.20458567
3198,0.7398466
3199,0.009485096
3200,0.17068422
3201,0.14527279
3202,0.9825505
3203,0.0030012429
3204,0.99960315
3205,0.94251233
3206,0.9991968
3207,0.9658283
3208,0.46245596
3209,0.71542484
3210,0.9220753
3211,0.9599792
3212,0.9750244
3213,0.5696373
3214,0.9520519
3215,0.90757334
3216,0.036029726
3217,0.8195997
3218,0.9966049
3219,0.99174607
3220,0.9997951
3221,0.5254603
3222,0.15939042
3223,0.0867292
3224,0.16877532
3225,0.9940187
3226,0.9432528
3227,0.9100438
3228,0.43040287
3229,0.5165825
3230,0.9916104
3231,0.37095475
3232,0.8910477
3233,3.903103e-05
3234,0.9958041
3235,0.99963915
3236,0.41616845
3237,1.3499193e-06
3238,0.19530326
3239,0.97795725
3240,0.2865556
3241,0.007887691
3242,0.15181121
3243,0.7047674
3244,0.9964994
3245,0.26314044
3246,0.99924725
3247,0.9366864
3248,0.005547166
3249,0.76444256
3250,0.99969554
3251,0.99384916
3252,0.5653599
3253,0.69364184
3254,0.9996544
3255,0.99735665
3256,0.94292104
3257,0.051710457
3258,0.19436112
3259,0.37278056
3260,0.36194715
3261,0.30200538
3262,0.8471575
3263,0.88264036
3264,0.22234839
3265,0.89743906
3266,0.9999491
3267,0.88942754
3268,0.09957647
3269,0.0645909
3270,0.9993802
3271,0.9921869
3272,0.9993239
3273,0.96900564
3274,0.1941449
3275,0.0093740225
3276,0.99991477
3277,0.2774707
3278,0.7765405
3279,0.85405767
3280,0.9953295
3281,0.5112573
3282,0.012295991
3283,0.97943485
3284,0.6403974
3285,0.7652228
3286,0.95574653
3287,0.99975204
3288,0.99639684
3289,0.83030844
3290,0.11425075
3291,0.4790937
3292,0.6977431
3293,0.05499348
3294,0.98144484
3295,0.6105513
3296,0.031817734
3297,0.95893294
3298,0.18009466
3299,0.16371
3300,0.9676626
3301,0.024527699
3302,0.75893885
3303,0.86527824
3304,0.8360554
3305,0.81084776
3306,0.9983895
3307,0.2672143
3308,0.61518073
3309,0.9689654
3310,0.9710659
3311,0.9994221
3312,0.9863869
3313,0.07689229
3314,0.27223802
3315,0.98424643
3316,0.5802008
3317,0.97429246
3318,0.99872565
3319,0.13164288
3320,0.13063127
3321,0.12831712
3322,0.9998638
3323,0.0012813509
3324,0.43801755
3325,0.007930964
3326,0.026269078
3327,0.41948092
3328,0.9977833
3329,0.366548
3330,0.94986546
3331,0.00010084352
3332,0.97376436
3333,0.3121308
3334,0.39650762
3335,0.013225734
3336,0.99533296
3337,0.40871906
3338,0.9990338
3339,0.41555297
3340,0.22652805
3341,0.33591938
3342,0.9989165
3343,0.18993881
3344,0.06981778
3345,0.890474
3346,0.9989673
3347,0.9983597
3348,0.047370046
3349,0.9833801
3350,0.66146404
3351,0.82971746
3352,0.9210191
3353,0.23916727
3354,0.99156505
3355,0.96916467
3356,0.9914608
3357,0.9723264
3358,0.9814474
3359,0.025457203
3360,0.7857611
3361,0.7436229
3362,0.9968494
3363,0.13349369
3364,0.091391414
3365,0.9986694
3366,0.32585874
3367,0.5657065
3368,0.018424511
3369,0.9873202
3370,0.048181027
3371,0.97047794
3372,0.9998678
3373,0.25956124
3374,0.4471591
3375,0.9722581
3376,0.9429853
3377,0.9973397
3378,0.99988735
3379,1.0
3380,0.07402375
3381,0.102980256
3382,0.44412276
3383,0.36823347
3384,0.999665
3385,0.99229586
3386,0.027445138
3387,0.015803576
3388,0.9822812
3389,0.7598181
3390,0.005835414
3391,0.9980847
3392,0.29443565
3393,0.9938601
3394,0.9995996
3395,0.9717301
3396,0.99988246
3397,0.0046548843
3398,0.074278265
3399,0.018600285
3400,0.91494167
3401,0.43673825
3402,0.9595759
3403,0.9941929
3404,0.9706991
3405,0.9999927
3406,0.28252175
3407,0.9966012
3408,0.9919823
3409,0.65533423
3410,0.9983596
3411,0.99997425
3412,0.46546
3413,0.4248077
3414,0.98372924
3415,0.29080474
3416,0.9999989
3417,0.5801009
3418,0.016669214
3419,0.30969456
3420,0.99999034
3421,0.114893615
3422,0.19841349
3423,0.4206571
3424,0.97082156
3425,0.9764693
3426,0.5514336
3427,0.9997807
3428,0.9957761
3429,0.38290107
3430,0.3048814
3431,0.057645917
3432,0.97217244
3433,0.9773613
3434,0.9997182
3435,0.407233
3436,0.81519413
3437,0.99819314
3438,0.24248213
3439,0.3005817
3440,0.98941225
3441,0.25129586
3442,0.7472275
3443,0.99285036
3444,0.0008613467
3445,0.016381592
3446,0.6296522
3447,0.15917423
3448,0.60363406
3449,0.9970449
3450,0.24222568
3451,0.65081847
3452,0.83657694
3453,0.98764014
3454,0.38112617
3455,0.037240922
3456,0.039433002
3457,0.71052724
3458,0.004617363
3459,0.8388107
3460,0.11613512
3461,0.04726392
3462,0.99470735
3463,0.02530995
3464,0.9064176
3465,0.9999747
3466,0.059996575
3467,0.026951253
3468,0.0059673786
3469,0.15917376
3470,0.03626445
3471,0.99735296
3472,0.85095686
3473,0.59705544
3474,0.9644897
3475,0.8310872
3476,0.99952614
3477,0.9571128
3478,0.9999895
3479,0.5172012
3480,0.007105857
3481,0.19093397
3482,0.6127518
3483,0.99115443
3484,0.41191584
3485,0.62183696
3486,0.11589721
3487,0.6256584
3488,0.49337196
3489,0.65472543
3490,0.19125682
3491,0.05123216
3492,0.68465686
3493,0.95661753
3494,0.9999495
3495,0.66877663
3496,0.010607362
3497,0.24120834
3498,0.19116023
3499,0.14702097
3500,0.06753671
3501,0.9808537
3502,0.9846941
3503,0.9862171
3504,0.16024402
3505,0.79977
3506,0.84220725
3507,0.9078474
3508,0.99999535
3509,0.9269179
3510,0.51290894
3511,0.3417446
3512,0.9501109
3513,0.972503
3514,0.43234977
3515,0.47700202
3516,0.6775754
3517,0.9998044
3518,0.13835308
3519,0.99999905
3520,0.9923284
3521,0.96499914
3522,0.9798387
3523,0.8402111
3524,0.0038807094
3525,0.93427825
3526,0.0074870586
3527,0.3235687
3528,0.74443597
3529,0.29018396
3530,0.9765637
3531,0.9964452
3532,0.3247259
3533,0.03225848
3534,0.97711563
3535,0.13096437
3536,0.16649806
3537,0.377722
3538,0.628706
3539,0.86259466
3540,0.61653924
3541,0.0742259
3542,0.00023645163
3543,0.9759234
3544,0.9184221
3545,0.99550784
3546,0.9314008
3547,0.5919002
3548,0.99586827
3549,0.56571466
3550,0.18861476
3551,0.20546639
3552,0.026881576
3553,0.98214436
3554,0.1265215
3555,0.87271047
3556,0.99809074
3557,0.49700835
3558,0.9958807
3559,0.9954692
3560,0.058637112
3561,0.18870062
3562,0.039613426
3563,0.99921155
3564,0.08679783
3565,0.93602616
3566,0.82086635
3567,0.2061001
3568,0.019877374
3569,0.7896236
3570,0.18104112
3571,0.9646217
3572,0.9866292
3573,0.5515807
3574,0.29026824
3575,0.05072993
3576,0.88262
3577,0.00028902292
3578,0.9841696
3579,0.86753345
3580,0.79543424
3581,0.61828244
3582,0.02534175
3583,0.1902098
3584,0.28038684
3585,0.0060192645
3586,0.021419615
3587,0.6738002
3588,0.5946776
3589,0.44441667
3590,0.99937534
3591,0.5419559
3592,0.9969288
3593,0.85908055
3594,0.62240183
3595,0.98336875
3596,0.99973154
3597,0.19168907
3598,0.99307615
3599,0.3536087
3600,0.32088435
3601,0.9703743
3602,0.40983284
3603,0.9966315
3604,0.9976605
3605,0.7064468
3606,0.09521988
3607,0.8478342
3608,0.32921124
3609,0.99999046
3610,0.8821161
3611,0.83375
3612,0.034077168
3613,0.99346805
3614,0.033020794
3615,0.6537055
3616,0.2649195
3617,0.99567676
3618,0.9994174
3619,0.7199359
3620,0.9638226
3621,0.7457378
3622,0.19663799
3623,0.99933857
3624,0.8104054
3625,0.9900433
3626,0.994244
3627,0.9999933
3628,0.9825263
3629,0.13259488
3630,0.22649106
3631,0.21072108
3632,0.41547182
3633,0.6463979
3634,0.2968259
3635,0.0072103143
3636,0.009611189
3637,0.15565613
3638,0.84163886
3639,0.08558199
3640,0.678336
3641,0.8810728
3642,0.004340023
3643,0.062787056
3644,0.32138246
3645,0.7310753
3646,0.13374233
3647,0.009980202
3648,0.6958618
3649,0.9545219
3650,0.4791121
3651,0.3734033
3652,0.6047794
3653,0.19421214
3654,0.9940248
3655,0.26952866
3656,0.9693577
3657,0.61248094
3658,0.9916153
3659,0.71999836
3660,0.38991416
3661,0.59154254
3662,0.99986213
3663,0.930583
3664,0.015212029
3665,0.2348307
3666,0.55830973
3667,0.0044039786
3668,0.12215987
3669,0.04773459
3670,0.0038180053
3671,0.9633862
3672,0.027804941
3673,0.7980622
3674,0.9726043
3675,0.9901767
3676,0.99094033
3677,0.88517034
3678,0.3665378
3679,0.75586206
3680,0.11684236
3681,0.59176624
3682,0.9987313
3683,0.9339101
3684,0.9996068
3685,0.6289791
3686,0.84852517
3687,0.85416317
3688,0.1577372
3689,0.98409927
3690,0.43261844
3691,0.98271704
3692,0.9841999
3693,0.4348029
3694,0.04408425
3695,0.23482135
3696,0.05602768
3697,0.8121141
3698,0.014862835
3699,0.412071
3700,0.5343155
3701,0.99852276
3702,0.7831491
3703,0.26744294
3704,0.67064404
3705,0.8577124
3706,0.9344252
3707,0.9983032
3708,0.99994177
3709,0.99513197
3710,0.9830789
3711,0.45454985
3712,0.042999446
3713,0.693126
3714,0.98750854
3715,0.97943544
3716,0.19634297
3717,0.9609292
3718,0.0068930984
3719,0.91614103
3720,0.99668384
3721,0.10270393
3722,0.9500169
3723,0.83803463
3724,0.97169083
3725,0.99968225
3726,0.04723209
3727,0.23334655
3728,0.99630433
3729,0.5940614
3730,0.1770815
3731,0.99224806
3732,0.20339361
3733,0.060422003
3734,0.7272516
3735,0.5545709
3736,0.84452814
3737,0.95624304
3738,0.99767435
3739,0.9998385
3740,0.0037550032
3741,0.5040969
3742,0.82104313
3743,0.025580317
3744,0.13016346
3745,0.9930883
3746,0.4424119
3747,0.8619397
3748,0.9999
3749,0.92242134
3750,0.9643887
3751,0.99986035
3752,0.8740268
3753,0.6621214
3754,0.72777
3755,0.92984056
3756,0.695659
3757,0.2509607
3758,0.94075763
3759,0.988351
3760,0.27690274
3761,0.13905263
3762,0.5879276
3763,0.7501427
3764,0.99999964
3765,0.99994254
3766,0.9877242
3767,0.86032283
3768,0.89119506
3769,0.7062805
3770,0.98339415
3771,0.35761842
3772,0.0786539
3773,0.8686576
3774,0.9810821
3775,0.07873607
3776,0.9394613
3777,0.99892294
3778,0.039874166
3779,0.88958037
3780,0.0114789605
3781,0.44729573
3782,0.27463213
3783,0.5884787
3784,0.90214866
3785,0.21298197
3786,0.97246003
3787,0.67899644
3788,0.5894771
3789,0.84398806
3790,0.98846924
3791,0.12955782
3792,0.1655013
3793,0.9986804
3794,0.056268215
3795,0.8611374
3796,0.7970412
3797,0.0019257665
3798,0.27831775
3799,0.95926636
3800,0.003338039
3801,0.36355823
3802,0.042600304
3803,0.9767609
3804,0.09813675
3805,0.95665187
3806,0.005767852
3807,0.98726296
3808,0.7597456
3809,0.99534154
3810,0.20074254
3811,0.59365886
3812,0.32037768
3813,0.9981004
3814,0.0023658872
3815,0.94822073
3816,0.030092984
3817,0.6568413
3818,0.5837158
3819,0.9725191
3820,0.999664
3821,0.9839796
3822,0.052668482
3823,0.057452917
3824,0.9999118
3825,0.9427713
3826,0.023825526
3827,0.6233161
3828,0.012194008
3829,0.99104524
3830,0.9504471
3831,0.82342064
3832,0.9808888
3833,0.9999945
3834,0.9847102
3835,0.014479667
3836,0.26878354
3837,0.99217296
3838,0.006505847
3839,0.6397506
3840,0.9997711
3841,0.733493
3842,0.78022826
3843,0.000516057
3844,0.040531367
3845,0.61141896
3846,0.02546081
3847,0.9059031
3848,0.03389436
3849,0.90478444
3850,0.9997002
3851,0.995178
3852,0.0057794154
3853,0.9992634
3854,0.9990644
3855,0.99758065
3856,0.9762703
3857,0.6085696
3858,0.9819368
3859,0.9738864
3860,0.99998355
3861,0.9999905
3862,0.99835867
3863,0.9348282
3864,0.49611765
3865,0.27108794
3866,0.95430446
3867,0.5133061
3868,0.97656137
3869,0.97308195
3870,0.9999889
3871,0.9965789
3872,0.0013815463
3873,0.273797
3874,0.0026137233
3875,0.13997838
3876,0.89643383
3877,0.52489823
3878,0.44354934
3879,0.9952084
3880,0.05914563
3881,0.0009471476
3882,0.9998456
3883,0.99995553
3884,0.03651789
3885,0.6859753
3886,0.25369322
3887,0.1806803
3888,0.9921266
3889,0.013321519
3890,0.8573405
3891,1.0
3892,0.23700964
3893,0.96032673
3894,0.0063248277
3895,0.98422897
3896,0.6690034
3897,0.79127514
3898,0.89864624
3899,0.15489054
3900,0.25580442
3901,0.94702995
3902,0.9616612
3903,0.8914977
3904,0.99997365
3905,0.7475719
3906,0.99725854
3907,0.94499177
3908,0.316922
3909,0.18049723
3910,0.055264145
3911,0.99973243
3912,0.0049238205
3913,0.8203503
3914,0.7380651
3915,0.6621312
3916,0.5938273
3917,0.8973206
3918,0.04442075
3919,0.23733768
3920,0.5486993
3921,0.96984303
3922,0.066467255
3923,0.42888522
3924,0.154977
3925,0.21117058
3926,0.9514407
3927,0.99994826
3928,0.0046991706
3929,0.16275236
3930,0.4182587
3931,0.9932191
3932,0.65473366
3933,0.012253106
3934,0.29394132
3935,0.23384467
3936,0.962629
3937,0.14903599
3938,0.98705375
3939,0.34007698
3940,0.09275153
3941,0.44922888
3942,0.6049067
3943,0.9644275
3944,0.41982707
3945,0.09837106
3946,0.48424226
3947,0.8926123
3948,0.046158493
3949,0.9846916
3950,0.9502077
3951,0.9860598
3952,0.04921648
3953,0.97815
3954,0.99255055
3955,0.99810064
3956,0.00028258562
3957,0.37542918
3958,0.5003477
3959,0.8001997
3960,0.9922635
3961,0.81422925
3962,0.002126515
3963,0.99965817
3964,0.96827245
3965,0.8386787
3966,0.9901895
3967,0.025399804
3968,0.87645334
3969,0.9799868
3970,0.055787623
3971,0.99989676
3972,0.047638863
3973,0.99475384
3974,0.30450404
3975,0.83761394
3976,0.88680136
3977,0.9101138
3978,0.92020464
3979,0.0073265135
3980,0.016773075
3981,0.3957367
3982,0.13634658
3983,0.13126555
3984,0.8913895
3985,0.7473436
3986,0.9999995
3987,0.02539444
3988,0.982839
3989,0.0048526227
3990,0.00953126
3991,0.91174173
3992,0.12538677
3993,0.73260796
3994,0.003433317
3995,0.99740195
3996,0.003396809
3997,0.96530354
3998,0.999233
3999,0.960692
4000,0.9999287
4001,0.0977546
4002,0.009776652
4003,0.98812544
4004,0.9613136
4005,0.98775506
4006,0.20098978
4007,0.08781165
4008,0.0036947727
4009,0.18606067
4010,0.9332181
4011,0.9710373
4012,0.9886892
4013,0.9987657
4014,0.86143196
4015,0.009863108
4016,0.9956306
4017,0.92614186
4018,0.006620437
4019,0.21098328
4020,0.9889569
4021,0.9997898
4022,0.011103809
4023,0.99145913
4024,0.08416775
4025,0.09901315
4026,0.50405747
4027,0.028608918
4028,0.93632066
4029,0.8438411
4030,0.99930084
4031,0.70691717
4032,0.9999919
4033,0.23334453
4034,0.98886
4035,0.024677426
4036,0.7223712
4037,0.11504355
4038,0.9994153
4039,0.6743262
4040,0.16989368
4041,0.369902
4042,0.8829628
4043,0.85958827
4044,0.27214807
4045,0.816201
4046,0.7059679
4047,0.7208285
4048,0.24785984
4049,0.99072444
4050,0.68850344
4051,1.0
4052,0.029905409
4053,0.2309668
4054,0.053791493
4055,0.9555813
4056,0.9602579
4057,0.04978463
4058,0.98886585
4059,0.9758644
4060,0.5294939
4061,0.02925837
4062,0.2730515
4063,0.2622835
4064,0.67884535
4065,0.87983906
4066,0.3102513
4067,0.0028748214
4068,0.19433525
4069,0.40240023
4070,0.979033
4071,0.34470406
4072,0.21589687
4073,0.74074936
4074,0.006553918
4075,0.3711667
4076,0.9030009
4077,0.91641617
4078,0.8160357
4079,0.822363
4080,0.07020989
4081,0.84908795
4082,0.9957378
4083,0.21930516
4084,0.762323
4085,0.18252137
4086,0.26446205
4087,0.697582
4088,0.05283755
4089,0.13285124
4090,0.797179
4091,0.3280514
4092,0.20123589
4093,0.9586047
4094,0.96953213
4095,0.85822487
4096,0.18105674
4097,0.016669214
4098,0.117358655
4099,0.5386485
4100,0.94459593
4101,0.9997368
4102,4.476129e-05
4103,0.69865
4104,0.05710253
4105,0.59706485
4106,0.97221196
4107,0.28732064
4108,0.99932456
4109,0.8896646
4110,0.74033374
4111,0.99819505
4112,0.910618
4113,0.67798
4114,0.9853612
4115,0.025250107
4116,0.98416615
4117,0.9782969
4118,0.013624191
4119,0.05078
4120,0.4317407
4121,0.55942106
4122,0.9998021
4123,0.78578955
4124,0.99671227
4125,0.25670734
4126,0.13323164
4127,0.34469283
4128,0.98541284
4129,0.0056264102
4130,0.59842753
4131,0.92164195
4132,0.9462646
4133,0.9999984
4134,0.83442724
4135,0.98710775
4136,0.97113013
4137,0.9743619
4138,0.07942781
4139,0.7337997
4140,0.18455133
4141,0.99977106
4142,0.01606977
4143,0.99998105
4144,0.0033486485
4145,0.6826383
4146,0.01887557
4147,0.15261286
4148,0.004930109
4149,0.82278156
4150,0.09194818
4151,0.99954766
4152,0.9578189
4153,0.037332237
4154,0.14447978
4155,0.9647114
4156,0.101168364
4157,0.9807404
4158,0.2996387
4159,0.93438226
4160,0.9991654
4161,0.041864246
4162,0.031885624
4163,0.9531083
4164,0.16993493
4165,0.15342104
4166,0.007706344
4167,0.99973965
4168,0.0033866465
4169,0.9983424
4170,0.99915093
4171,0.03189522
4172,0.022300333
4173,0.004824668
4174,0.0017420948
4175,0.81173307
4176,0.9713248
4177,0.999013
4178,0.99985075
4179,0.74724984
4180,0.9998864
4181,0.99996233
4182,0.9635153
4183,0.979314
4184,0.0006311536
4185,0.008247703
4186,0.9999945
4187,0.98745406
4188,0.090521604
4189,0.47547612
4190,0.99291646
4191,0.6715152
4192,0.019286484
4193,0.99997973
4194,0.14679489
4195,0.27327946
4196,0.9974856
4197,0.8324125
4198,0.00040382147
4199,0.6974645
4200,0.9998717
4201,0.022482514
4202,0.021132141
4203,0.820047
4204,0.15607163
4205,0.06554508
4206,0.97475123
4207,0.99910164
4208,0.02730897
4209,0.43550915
4210,0.4662877
4211,0.9904724
4212,0.29930907
4213,0.02127251
4214,0.98830414
4215,0.9385444
4216,0.98543614
4217,0.23674178
4218,1.0
4219,0.8425603
4220,0.0110295415
4221,0.9998769
4222,0.9775351
4223,0.003480941
4224,0.051455766
4225,0.14020497
4226,0.10114893
4227,0.5440012
4228,0.9975425
4229,0.021992683
4230,0.22503433
4231,0.999994
4232,0.9923347
4233,0.77106947
4234,0.0027537346
4235,0.9999875
4236,0.027531266
4237,0.99968004
4238,0.9317969
4239,0.9783727
4240,1.0714762e-06
4241,0.64293575
4242,0.009237349
4243,0.102915496
4244,0.8735782
4245,0.9096072
4246,0.99769557
4247,0.99906003
4248,0.48412472
4249,0.066048354
4250,0.0009240806
4251,0.5677555
4252,0.37132967
4253,0.38478324
4254,0.1473825
4255,0.9757576
4256,0.11381948
4257,0.9683393
4258,0.29553038
4259,0.009109706
4260,0.9998547
4261,0.9444525
4262,0.8226453
4263,0.15133661
4264,0.29419464
4265,0.5414624
4266,0.083366334
4267,0.97889733
4268,0.6031105
4269,0.9876467
4270,0.98436713
4271,0.39264983
4272,0.48005727
4273,0.7015207
4274,0.9995843
4275,0.79224133
4276,0.06568688
4277,0.39058945
4278,0.87197137
4279,0.9966049
4280,0.6079944
4281,0.07237828
4282,0.3211124
4283,0.99941957
4284,0.98710036
4285,0.46137324
4286,0.2740441
4287,0.8583714
4288,0.8796133
4289,0.0032472312
4290,0.97004735
4291,0.9995691
4292,0.0076650977
4293,0.06786531
4294,0.26019174
4295,0.20224461
4296,0.13078779
4297,0.96363723
4298,0.13612643
4299,0.71936166
4300,0.9969646
4301,0.46660584
4302,0.06322792
4303,0.84550273
4304,0.01788038
4305,0.00023946166
4306,0.009383351
4307,0.03557214
4308,0.9895391
4309,0.0017512143
4310,0.9555117
4311,0.9993871
4312,0.9893723
4313,0.9903209
4314,0.34716344
4315,0.17552158
4316,0.1530248
4317,0.1087946
4318,0.08438203
4319,0.20040992
4320,0.8655767
4321,0.0080598295
4322,0.11891985
4323,0.8445633
4324,0.07785928
4325,0.11814642
4326,0.017226577
4327,0.99620676
4328,0.89641595
4329,0.9767732
4330,0.64781487
4331,0.0047262907
4332,0.20086473
4333,0.77178895
4334,0.5442786
4335,0.38938743
4336,0.8173293
4337,0.49842855
4338,0.9232058
4339,0.17343202
4340,0.029150546
4341,0.33568764
4342,0.7282391
4343,0.9374609
4344,0.23997629
4345,0.007602066
4346,0.82738864
4347,0.8156172
4348,0.0018524826
4349,0.26364368
4350,0.018495947
4351,0.20082319
4352,0.8364099
4353,0.009939998
4354,0.9978703
4355,0.9140865
4356,0.073963016
4357,0.07646537
4358,0.0009471476
4359,0.07731193
4360,0.5891399
4361,0.1744895
4362,0.9668777
4363,0.0039730966
4364,0.22239068
4365,0.650555
4366,0.999918
4367,0.7766253
4368,0.85636836
4369,0.00049319863
4370,0.7071458
4371,0.015593082
4372,0.8633387
4373,0.44204593
4374,0.9999386
4375,0.3816411
4376,0.09210399
4377,0.21503222
4378,0.15478542
4379,0.99835026
4380,0.42222393
4381,0.3278772
4382,0.9939574
4383,0.21604767
4384,0.06284222
4385,0.035548985
4386,0.98734325
4387,0.23886797
4388,0.99643385
4389,0.36282146
4390,0.013598174
4391,0.963627
4392,0.13176402
4393,0.98981327
4394,0.03840956
4395,0.9819596
4396,0.08992979
4397,0.6976838
4398,0.38195056
4399,0.7060468
4400,0.9869188
4401,0.38355508
4402,0.998519
4403,0.9907707
4404,0.6950116
4405,0.024998307
4406,0.98064435
4407,0.00024232268
4408,0.99094385
4409,0.004262686
4410,0.5620665
4411,0.5818791
4412,0.78776693
4413,0.99961233
4414,0.00026878715
4415,0.0071166456
4416,0.8250872
4417,0.9183965
4418,0.3740629
4419,0.9999522
4420,0.2550746
4421,0.68427813
4422,0.34743065
4423,0.021509945
4424,0.35289395
4425,0.9714067
4426,0.97582895
4427,0.630869
4428,0.10777491
4429,0.8924732
4430,0.6085864
4431,0.18434328
4432,0.15111521
4433,0.999552
4434,0.94961303
4435,0.9998292
4436,0.7440857
4437,0.7371108
4438,0.08535713
4439,0.02810064
4440,0.9738891
4441,0.823125
4442,0.9978194
4443,0.29745644
4444,0.9392085
4445,0.9338622
4446,0.0034681559
4447,0.999559
4448,0.0073406994
4449,0.9931802
4450,0.9775087
4451,0.9906857
4452,0.73698044
4453,0.951326
4454,0.9959935
4455,0.99902284
4456,0.6382203
4457,0.34501547
4458,0.63946724
4459,0.64353216
4460,0.9130726
4461,3.739158e-05
4462,0.83842134
4463,0.11662716
4464,0.522847
4465,0.49492
4466,0.98771304
4467,0.9994656
4468,0.13012737
4469,0.99999905
4470,0.95777524
4471,0.99997884
4472,0.18051007
4473,0.015811354
4474,0.8870542
4475,0.7321154
4476,0.9770571
4477,0.99372804
4478,0.9996546
4479,9.474791e-05
4480,0.11597818
4481,0.014263898
4482,0.84749067
4483,0.6163588
4484,8.066489e-05
4485,0.079030514
4486,0.0011234283
4487,0.9513688
4488,0.98949575
4489,0.999465
4490,0.9977087
4491,0.61236566
4492,0.10461512
4493,0.8035366
4494,0.9520816
4495,0.18197227
4496,0.038896173
4497,0.9652594
4498,0.9810629
4499,0.99525034
4500,0.9263403
4501,0.9094776
4502,0.00022101402
4503,0.99571764
4504,0.99623805
4505,0.074106276
4506,0.9890635
4507,0.92852664
4508,0.317784
4509,0.078668475
4510,0.48387298
4511,0.079505324
4512,0.49415803
4513,0.022873491
4514,0.9711817
4515,0.0037667751
4516,0.051970035
4517,0.011206597
4518,0.89176714
4519,0.08464393
4520,0.017395943
4521,0.8451053
4522,0.00483492
4523,0.41113445
4524,0.96797967
4525,0.89458305
4526,0.9611904
4527,0.4129455
4528,0.9997121
4529,0.0005311966
4530,0.9999788
4531,0.49999818
4532,0.9256314
4533,0.68122065
4534,0.7095634
4535,0.99905556
4536,0.15039569
4537,0.9949673
4538,0.08377212
4539,0.31104785
4540,0.9995096
4541,0.88734293
4542,0.6496167
4543,0.9419055
4544,0.0005019605
4545,0.004593551
4546,0.2177574
4547,0.99218583
4548,0.006600201
4549,0.008486897
4550,0.8303056
4551,0.9683176
4552,0.4402808
4553,0.97633755
4554,0.9997066
4555,0.5338897
4556,0.00521639
4557,0.0019735396
4558,0.012397826
4559,0.042808622
4560,0.0056230426
4561,0.006789148
4562,0.00060108304
4563,0.04928103
4564,0.99592364
4565,0.9947163
4566,7.7189036e-08
4567,0.7523433
4568,0.94188464
4569,0.87510985
4570,0.88215894
4571,0.4846942
4572,0.5332619
4573,0.02270472
4574,0.89913374
4575,0.0016023219
4576,0.0717347
4577,0.92473215
4578,0.32304424
4579,0.014996916
4580,0.1079573
4581,0.9793422
4582,0.9918091
4583,0.69092643
4584,0.007721722
4585,0.002464056
4586,0.9325471
4587,0.6507525
4588,0.8512066
4589,0.9986384
4590,0.8051053
4591,0.35685462
4592,0.32389036
4593,1.0
4594,0.25860095
4595,0.084662706
4596,0.40192366
4597,0.09220201
4598,0.0196729
4599,0.060112804
4600,0.022047043
4601,0.8817959
4602,0.9995265
4603,0.46801922
4604,0.7011755
4605,0.97718453
4606,0.18993151
4607,0.83970654
4608,0.7964224
4609,0.029824317
4610,0.00048816204
4611,0.96849406
4612,0.29334745
4613,0.86081725
4614,0.0047226846
4615,0.9999998
4616,0.49202
4617,0.32607692
4618,0.38288912
4619,0.88088
4620,0.970731
4621,0.6910242
4622,0.84272593
4623,0.10605875
4624,0.46650743
4625,0.17276028
4626,0.9799187
4627,0.9870508
4628,0.8987174
4629,0.081795126
4630,0.9710584
4631,0.43858877
4632,0.99996406
4633,0.0053542852
4634,0.019740522
4635,0.9821529
4636,0.96058494
4637,0.44002804
4638,0.9938043
4639,0.210399
4640,0.99694824
4641,0.2186276
4642,0.9653684
4643,0.8385384
4644,0.69322056
4645,0.4835149
4646,0.12411618
4647,0.8476957
4648,0.13352025
4649,0.9999554
4650,0.23176694
4651,0.4432354
4652,0.09765488
4653,0.22385263
4654,0.007437259
4655,0.1718739
4656,0.1268135
4657,0.84297585
4658,0.9723185
4659,0.9999551
4660,0.01847893
4661,0.023994893
4662,0.32757473
4663,0.06164202
4664,0.99762386
4665,0.98650604
4666,0.029758811
4667,0.8869017
4668,0.27355415
4669,0.49022853
4670,0.9988116
4671,0.2769764
4672,0.99803215
4673,0.014406979
4674,0.018641919
4675,0.04524985
4676,0.9918444
4677,0.94163984
4678,0.34240693
4679,0.011154473
4680,0.9985421
4681,0.9769801
4682,0.4061903
4683,0.0024180412
4684,0.995781
4685,0.9952227
4686,0.95027846
4687,0.004960358
4688,0.36240077
4689,0.22948888
4690,0.9787347
4691,0.99954295
4692,0.8400248
4693,0.44984883
4694,0.9820174
4695,0.6239026
4696,0.4908848
4697,0.3499971
4698,0.3189336
4699,0.95522463
4700,0.037241757
4701,0.72666574
4702,0.9660953
4703,0.02397877
4704,0.9961907
4705,0.9995291
4706,0.031422913
4707,0.9689242
4708,0.12261304
4709,0.23630393
4710,0.15972084
4711,0.99882203
4712,0.22623885
4713,0.98989815
4714,0.9526785
4715,3.9632036e-05
4716,0.9998257
4717,0.54094875
4718,0.44981688
4719,0.19124377
4720,0.9899186
4721,0.9039911
4722,0.8546122
4723,0.0120667815
4724,0.9756788
4725,0.16595873
4726,0.3317483
4727,0.9853543
4728,0.9564338
4729,0.42030692
4730,0.2293024
4731,0.19995314
4732,0.65332496
4733,0.6238588
4734,0.891506
4735,0.113550454
4736,0.9155526
4737,0.14255798
4738,0.57541454
4739,0.3533315
4740,0.3075825
4741,0.4476859
4742,0.9207893
4743,0.6447445
4744,0.9938798
4745,0.7917073
4746,0.79713875
4747,0.99993074
4748,0.29164654
4749,0.18425915
4750,0.3901206
4751,0.24766159
4752,0.7212995
4753,0.996266
4754,0.0033269525
4755,0.4411237
4756,0.7333966
4757,0.8330158
4758,0.99453723
4759,0.06233281
4760,0.6529591
4761,0.70199746
4762,0.99980855
4763,0.19766521
4764,0.9997493
4765,0.001968801
4766,0.043880045
4767,0.9038888
4768,0.9997171
4769,0.99526364
4770,0.028092206
4771,0.4901115
4772,0.7148065
4773,0.023526996
4774,0.27660364
4775,0.9055613
4776,0.3572319
4777,0.13404566
4778,0.8194838
4779,0.58619094
4780,0.7891282
4781,0.1737889
4782,0.9900612
4783,1.0
4784,0.58749664
4785,0.634727
4786,0.72525126
4787,0.22439855
4788,0.45091867
4789,0.92430097
4790,0.07479638
4791,0.42888287
4792,0.83931065
4793,0.57668155
4794,0.9942316
4795,0.7454028
4796,0.007391691
4797,0.6289829
4798,0.9681737
4799,0.15177467
4800,0.47281852
4801,0.8240035
4802,0.97711253
4803,0.96384436
4804,0.99381894
4805,0.66308
4806,0.10643649
4807,0.47151783
4808,0.7631449
4809,0.9998208
4810,0.9952483
4811,0.21115729
4812,0.56553155
4813,0.9816927
4814,0.09345698
4815,0.25739813
4816,0.8955269
4817,0.0577282
4818,0.6014344
4819,0.17788842
4820,0.9872607
4821,0.9992112
4822,0.7702256
4823,0.025477678
4824,0.984863
4825,0.014576584
4826,0.25267845
4827,0.047236413
4828,0.877887
4829,0.5821029
4830,0.9308988
4831,0.35696822
4832,0.778678
4833,0.4842148
4834,0.33254433
4835,0.9449166
4836,0.97605145
4837,0.079895884
4838,0.103214145
4839,0.9996278
4840,0.7143206
4841,0.99731934
4842,0.3223778
4843,0.9999969
4844,0.14542246
4845,0.7558279
4846,0.030619174
4847,0.89914536
4848,0.022662908
4849,0.02893883
4850,0.0010423064
4851,0.018384576
4852,0.074634045
4853,0.98955953
4854,0.9708785
4855,1.0
4856,0.95557815
4857,0.024415493
4858,0.9948095
4859,0.21911293
4860,0.9881818
4861,0.010796398
4862,0.6063072
4863,0.00010345129
4864,0.9323187
4865,0.8743619
4866,0.045360416
4867,0.026482373
4868,0.9993168
4869,0.9893465
4870,0.9754271
4871,0.113790005
4872,0.27364063
4873,0.002821833
4874,0.99905586
4875,0.83437616
4876,0.031149387
4877,0.9994005
4878,0.25829834
4879,0.9526204
4880,0.999467
4881,0.18437505
4882,0.9986594
4883,0.73477465
4884,0.9310017
4885,0.9949204
4886,0.22367647
4887,0.97276396
4888,0.17062867
4889,0.94978297
4890,0.9531809
4891,0.96590364
4892,0.9755866
4893,0.9007114
4894,0.13509104
4895,0.338053
4896,0.87751025
4897,0.28930968
4898,0.9123603
4899,0.082501054
4900,0.9834449
4901,0.16038376
4902,0.43757
4903,0.45324212
4904,0.84741426
4905,0.25518322
4906,0.99578696
4907,0.11931148
4908,0.09736514
4909,0.08171484
4910,0.9911445
4911,0.025638223
4912,0.025545597
4913,0.0837
4914,0.97984445
4915,0.9266244
4916,0.011687756
4917,0.18422642
4918,0.6578907
4919,0.01177302
4920,0.9841977
4921,0.9965538
4922,0.006645769
4923,0.98066866
4924,0.062708706
4925,0.20499629
4926,0.008149266
4927,0.97067904
4928,0.050273478
4929,0.22721037
4930,0.9999158
4931,0.99942064
4932,0.0023667812
4933,0.9908774
4934,0.008290082
4935,0.9880373
4936,0.9827349
4937,0.1435557
4938,0.19623199
4939,0.6589862
4940,0.14733136
4941,0.12790239
4942,0.96430457
4943,0.9993218
4944,0.55522174
4945,0.7755144
4946,0.016688943
4947,0.6601945
4948,0.5293654
4949,0.9999542
4950,0.090853006
4951,0.94867504
4952,0.8642751
4953,0.96249235
4954,0.40123266
4955,0.9993781
4956,0.028986424
4957,0.2555061
4958,0.9999851
4959,0.44872063
4960,0.8607074
4961,0.5429158
4962,0.90844333
4963,0.050152063
4964,0.75469255
4965,0.17363265
4966,0.9915942
4967,0.97818875
4968,0.016191453
4969,0.05736065
4970,0.98525167
4971,0.13857993
4972,0.04291758
4973,0.9909778
4974,0.9962367
4975,0.97941065
4976,0.06638959
4977,0.99059206
4978,0.9729718
4979,0.096334755
4980,0.5837923
4981,0.055490226
4982,0.62974775
4983,0.05339569
4984,0.012447417
4985,0.27124906
4986,0.71224636
4987,0.9719598
4988,0.013995886
4989,0.9992477
4990,0.9976264
4991,0.7147747
4992,0.055415273
4993,0.41052628
4994,0.020906717
4995,0.012551069
4996,0.9999807
4997,0.038819432
4998,0.9653894
4999,0.9828085
5000,0.8729719
5001,0.9926114
5002,0.88188845
5003,0.9734751
5004,0.089345574
5005,0.019717127
5006,0.9900612
5007,0.99992436
5008,0.9781686
5009,0.05069831
5010,0.62767756
5011,0.5752562
5012,0.76459575
5013,0.986259
5014,0.8849211
5015,0.99094725
5016,0.68547285
5017,0.14964968
5018,0.36288607
5019,0.99253905
5020,0.4517437
5021,0.18780968
5022,0.98404133
5023,0.6757458
5024,0.7871002
5025,0.999332
5026,0.7876295
5027,0.006783366
5028,0.95835495
5029,0.41242957
5030,0.86003506
5031,0.15230098
5032,0.9873985
5033,0.6818508
5034,0.090914994
5035,0.7241299
5036,0.13912576
5037,0.22194129
5038,0.2432099
5039,0.03076905
5040,0.23466286
5041,0.53893393
5042,0.250855
5043,0.008921802
5044,0.6192241
5045,0.9824368
5046,0.71388966
5047,0.03369519
5048,0.032076955
5049,0.86769426
5050,0.9164499
5051,0.9998887
5052,0.9987674
5053,0.6664067
5054,0.0062634945
5055,0.7566686
5056,0.99541306
5057,0.108704
5058,0.16473866
5059,0.96046394
5060,0.52341586
5061,0.9837661
5062,0.98070526
5063,0.99752593
5064,0.7065696
5065,0.06753677
5066,0.27188498
5067,0.06748244
5068,0.66374475
5069,0.9001992
5070,0.35914782
5071,0.99999774
5072,0.28239775
5073,0.2208626
5074,0.15484452
5075,0.99914426
5076,0.9917085
5077,0.48114592
5078,0.9090079
5079,0.32868993
5080,0.9993874
5081,0.9970906
5082,0.3248025
5083,0.9993001
5084,0.8558991
5085,0.9965173
5086,0.4937781
5087,0.9798651
5088,0.25264153
5089,0.7143693
5090,0.942956
5091,0.99889934
5092,0.41500437
5093,0.01717782
5094,0.9821099
5095,0.14404246
5096,0.012413114
5097,0.98422766
5098,0.16601688
5099,0.7738126
5100,0.063651115
5101,0.98911226
5102,0.99999887
5103,0.002443403
5104,0.98696786
5105,0.66806066
5106,0.78985405
5107,0.016840607
5108,0.9984687
5109,0.6549201
5110,0.8262371
5111,0.545612
5112,0.48433086
5113,0.07429737
5114,0.9677869
5115,0.068537235
5116,0.9969405
5117,0.7366071
5118,0.7779984
5119,0.99878
5120,0.7097838
5121,0.9996945
5122,0.99421704
5123,0.9720322
5124,0.81585264
5125,0.59187
5126,0.052746296
5127,0.989435
5128,0.80505097
5129,0.9996277
5130,0.99997956
5131,0.99288833
5132,0.99090266
5133,0.99973273
5134,0.9976086
5135,0.40335107
5136,0.95452917
5137,0.0135166645
5138,0.903368
5139,0.9894584
5140,0.19390932
5141,0.8644708
5142,0.8345684
5143,0.012245834
5144,0.0007382333
5145,0.96902
5146,0.3670833
5147,0.26304343
5148,0.93274254
5149,0.4058813
5150,0.087819785
5151,0.3733099
5152,0.99960816
5153,0.9997878
5154,0.012389481
5155,0.00058084726
5156,0.09547576
5157,0.2071358
5158,0.9065863
5159,0.044128478
5160,0.995568
5161,0.00071433187
5162,0.49672782
5163,0.1669899
5164,0.9769107
5165,0.84589005
5166,0.099616915
5167,0.007868797
5168,0.758569
5169,0.4123576
5170,0.21208301
5171,0.9931991
5172,0.47660848
5173,0.21769601
5174,0.50854796
5175,0.3647415
5176,0.042242616
5177,0.48154098
5178,0.99034476
5179,0.9964646
5180,0.74825656
5181,0.12396118
5182,0.99974066
5183,0.5103184
5184,0.6722071
5185,0.7171537
5186,0.035979867
5187,0.00807184
5188,0.8532407
5189,0.9979642
5190,0.47590518
5191,0.99594784
5192,0.0030034184
5193,0.72132117
5194,0.95986944
5195,0.9994408
5196,0.19733724
5197,0.5644836
5198,0.99937904
5199,0.58464396
5200,0.22413823
5201,0.8299273
5202,0.62639856
5203,0.995515
5204,0.69610846
5205,0.3570958
5206,0.99548846
5207,0.9559114
5208,0.9997709
5209,0.9559009
5210,0.8292442
5211,0.9976758
5212,0.04745829
5213,0.83431625
5214,0.9978544
5215,0.91839623
5216,0.5971597
5217,0.99534476
5218,0.42032576
5219,0.030575484
5220,0.9971197
5221,0.60093176
5222,0.14580792
5223,0.00012528896
5224,9.876895e-06
5225,0.26251358
5226,0.84264207
5227,0.2855358
5228,0.4361376
5229,0.9503416
5230,0.99679184
5231,0.9870113
5232,0.024131835
5233,0.35773477
5234,0.044385403
5235,0.9939852
5236,0.9230246
5237,0.106286556
5238,0.32725003
5239,0.0003759265
5240,0.04208955
5241,0.99990916
5242,0.15737787
5243,0.97362316
5244,0.9999692
5245,0.999993
5246,0.994883
5247,0.3369705
5248,0.996455
5249,0.99787235
5250,0.95236987
5251,0.115410835
5252,0.16330495
5253,0.03502351
5254,5.5301818e-05
5255,0.4929732
5256,0.98199904
5257,0.8043339
5258,0.8545919
5259,0.2555447
5260,0.21517485
5261,0.9513153
5262,0.2054486
5263,0.4021039
5264,0.9703097
5265,0.43585354
5266,0.9944118
5267,0.976869
5268,0.3293423
5269,0.92096555
5270,0.9627353
5271,0.93026924
5272,0.25506076
5273,0.16944596
5274,0.8952571
5275,0.70957905
5276,0.070586294
5277,0.980042
5278,0.053593397
5279,0.2593432
5280,0.033838242
5281,0.9999771
5282,0.9971731
5283,0.045965612
5284,0.7089576
5285,0.25239027
5286,0.99665034
5287,0.99139225
5288,0.57391477
5289,0.72632146
5290,0.27171713
5291,0.96447927
5292,0.020365268
5293,0.22833163
5294,0.99960196
5295,0.68636054
5296,0.2863347
5297,0.047391832
5298,0.9999616
5299,0.20234028
5300,0.04578483
5301,0.6033766
5302,0.5202163
5303,0.2934696
5304,0.73103845
5305,0.99987257
5306,0.9974886
5307,0.99615777
5308,0.5867873
5309,0.11088964
5310,0.5524299
5311,0.7695211
5312,0.7326207
5313,0.8316317
5314,0.80385447
5315,0.99159455
5316,0.97223186
5317,0.99330413
5318,0.06696841
5319,0.44601932
5320,0.99273604
5321,0.84706855
5322,0.1794138
5323,0.32551467
5324,0.41400784
5325,0.010317445
5326,0.5730782
5327,0.38232014
5328,0.9977554
5329,0.061348975
5330,0.988214
5331,0.5902227
5332,0.97693753
5333,0.08329931
5334,0.062129796
5335,0.9974037
5336,0.0309349
5337,0.9178714
5338,0.11732203
5339,0.9213709
5340,0.2215397
5341,0.8985111
5342,0.0010388196
5343,0.01064986
5344,0.8071522
5345,0.99288845
5346,0.6436275
5347,0.983041
5348,0.15764114
5349,0.0032578707
5350,0.574713
5351,0.9999636
5352,0.9999773
5353,0.012291878
5354,0.0011252463
5355,0.8812159
5356,0.99994457
5357,0.9817467
5358,0.9074826
5359,0.995527
5360,0.40581763
5361,0.98013544
5362,0.70544714
5363,0.99744403
5364,0.3233555
5365,0.20036611
5366,0.36127195
5367,0.95320725
5368,0.9998902
5369,0.9990673
5370,0.99237555
5371,0.84678537
5372,0.98848164
5373,0.15920919
5374,0.44285852
5375,0.97275984
5376,0.9220933
5377,0.9567082
5378,0.705186
5379,0.78733283
5380,0.9528805
5381,0.14038819
5382,0.47807667
5383,0.6203089
5384,0.99697125
5385,0.16989207
5386,0.99660504
5387,0.9650518
5388,0.0079827905
5389,0.9908976
5390,0.62753636
5391,0.34482545
5392,0.37434524
5393,0.8479758
5394,0.9999869
5395,0.0034948587
5396,0.018344969
5397,8.460835e-05
5398,0.003560245
5399,0.9475264
5400,0.075858355
5401,0.9637085
5402,0.002164662
5403,0.9371545
5404,0.9998616
5405,0.011720508
5406,0.54462695
5407,0.9990543
5408,0.26531786
5409,0.27680165
5410,0.71267706
5411,0.0035642982
5412,0.7953651
5413,0.33889395
5414,0.738732
5415,0.50218606
5416,0.9977133
5417,0.07913175
5418,0.9999765
5419,0.8953273
5420,0.86025107
5421,0.64618367
5422,0.06435385
5423,0.04414895
5424,0.8418685
5425,0.99999785
5426,0.9736794
5427,0.8506789
5428,0.3094188
5429,0.7314467
5430,0.99560165
5431,0.014979005
5432,0.1185765
5433,0.99942666
5434,0.056879073
5435,0.9594207
5436,0.004134178
5437,0.824644
5438,0.895333
5439,0.96054983
5440,0.42305636
5441,0.7522616
5442,0.9997821
5443,0.9961982
5444,0.00038197637
5445,0.9254174
5446,0.0036147237
5447,0.9964993
5448,0.34572142
5449,0.9998622
5450,0.54350924
5451,0.6984508
5452,0.65561646
5453,0.99991715
5454,0.014439672
5455,0.0010739267
5456,0.99608433
5457,0.99860096
5458,0.7672126
5459,0.83678377
5460,0.89585805
5461,0.61722445
5462,0.43077093
5463,0.94689965
5464,0.98272634
5465,0.011203349
5466,0.9675602
5467,0.08370602
5468,0.40285543
5469,0.8909487
5470,0.0009864569
5471,0.52323776
5472,0.037542284
5473,0.14712584
5474,0.9019935
5475,0.9920497
5476,0.99969137
5477,0.99995935
5478,0.011697322
5479,0.7510556
5480,0.7144973
5481,0.9709753
5482,0.014239579
5483,0.6832506
5484,0.665969
5485,0.9992368
5486,0.8786881
5487,0.61862177
5488,0.397264
5489,0.9997692
5490,0.3890596
5491,0.998861
5492,0.96123594
5493,0.9993452
5494,0.32264686
5495,0.9493979
5496,0.5722238
5497,0.1324322
5498,0.6451205
5499,0.58282113
5500,0.007613331
5501,0.15430647
5502,0.20512795
5503,0.91979706
5504,0.034004867
5505,0.9572692
5506,0.17164433
5507,0.009342015
5508,0.041529
5509,0.0002207756
5510,0.9999703
5511,0.1756247
5512,0.70874286
5513,0.15094781
5514,0.40057772
5515,0.05818802
5516,0.110983014
5517,0.29925802
5518,0.9415129
5519,0.8582273
5520,0.9435425
5521,0.35488063
5522,0.99583894
5523,0.9985852
5524,0.99950564
5525,0.0052422583
5526,0.39629084
5527,0.96715736
5528,0.9853216
5529,0.70753765
5530,0.9667357
5531,0.0025905967
5532,0.35681713
5533,0.044901073
5534,0.12385234
5535,0.7972465
5536,0.4340137
5537,0.72470355
5538,0.019131452
5539,0.9987968
5540,0.013490707
5541,0.20416057
5542,0.407938
5543,0.9854678
5544,0.102829754
5545,0.07264608
5546,0.99908555
5547,0.98981464
5548,0.15077117
5549,0.9990076
5550,0.9994074
5551,0.2809149
5552,0.9860199
5553,0.07958689
5554,0.4926427
5555,0.41707802
5556,0.2714398
5557,0.99848706
5558,0.22783715
5559,0.057657927
5560,0.18130398
5561,0.9896021
5562,0.64985013
5563,0.98160815
5564,0.11035928
5565,0.9897826
5566,0.98372006
5567,0.95094824
5568,0.8411393
5569,0.009102434
5570,0.9895215
5571,0.99961126
5572,0.0438326
5573,0.24016342
5574,0.026518762
5575,0.94825643
5576,0.7394708
5577,0.106152296
5578,0.28421712
5579,0.60636544
5580,0.9975929
5581,0.8391195
5582,0.14360607
5583,0.19697589
5584,0.9859682
5585,0.6946999
5586,0.9986839
5587,0.048873365
5588,0.0641076
5589,0.99644184
5590,0.022410214
5591,0.31120482
5592,0.9999298
5593,0.6519746
5594,0.72277683
5595,0.7853986
5596,0.99969447
5597,0.964696
5598,0.41164204
5599,0.9070463
5600,0.96423614
5601,0.9999732
5602,0.9858798
5603,0.9899469
5604,0.44527078
5605,0.17487127
5606,0.999768
5607,0.9460068
5608,0.7773387
5609,0.30097178
5610,0.7710284
5611,0.029199839
5612,0.9999056
5613,0.013543189
5614,0.11716738
5615,0.0914509
5616,0.999827
5617,0.99196875
5618,0.98563826
5619,0.8136926
5620,0.5717334
5621,0.9970324
5622,0.97610736
5623,0.9989736
5624,0.98567307
5625,0.99999523
5626,0.99999833
5627,0.9999931
5628,0.9533082
5629,0.07405481
5630,0.98280156
5631,0.0034216344
5632,0.9995756
5633,0.04992184
5634,0.43312776
5635,0.26754546
5636,0.016579598
5637,0.94429743
5638,0.09863356
5639,0.12735537
5640,0.9934641
5641,0.994471
5642,0.18361989
5643,0.9998004
5644,0.41001546
5645,0.9505073
5646,0.9999262
5647,0.9990107
5648,0.13823077
5649,0.009477913
5650,0.15956318
5651,0.9915573
5652,0.00013485551
5653,0.0054210424
5654,0.6779578
5655,0.9764973
5656,0.7766279
5657,0.22722828
5658,0.9953264
5659,0.008489519
5660,0.9996034
5661,0.2521306
5662,0.30515334
5663,0.40031198
5664,0.83583367
5665,0.06738797
5666,0.6584201
5667,0.92707705
5668,0.99998796
5669,0.97848356
5670,0.13137862
5671,0.26585782
5672,0.10067552
5673,0.9995047
5674,0.052962214
5675,0.9749311
5676,0.050527304
5677,0.2053653
5678,0.9978887
5679,0.029047191
5680,0.26856288
5681,0.99273205
5682,0.1414038
5683,0.13160804
5684,0.0018886626
5685,0.011290282
5686,0.016244978
5687,0.18463278
5688,0.9433539
5689,0.55250853
5690,0.001236856
5691,0.0006611943
5692,0.22005746
5693,0.9388298
5694,2.322202e-06
5695,0.0022515357
5696,0.9939588
5697,0.9999623
5698,0.0005953312
5699,0.2141231
5700,0.276257
5701,0.97521234
5702,0.14112478
5703,0.1440098
5704,0.32675657
5705,0.8000035
5706,0.2227751
5707,0.9996768
5708,0.0013948679
5709,0.3933725
5710,0.002564013
5711,0.052084953
5712,0.187965
5713,0.9871205
5714,0.63794404
5715,0.9890636
5716,0.041625947
5717,0.88471866
5718,0.99958134
5719,0.027776092
5720,0.053540856
5721,0.9881497
5722,0.32981887
5723,0.9984254
5724,0.9999584
5725,0.22131681
5726,0.10300082
5727,0.04017681
5728,0.9980469
5729,0.00032415986
5730,0.9999299
5731,0.089482576
5732,0.9978415
5733,0.9838886
5734,0.44836673
5735,0.97957325
5736,0.11922744
5737,0.82483554
5738,0.35278746
5739,0.77356446
5740,0.9989929
5741,0.98739016
5742,0.98692083
5743,0.9829653
5744,0.9954132
5745,0.99627614
5746,0.9974893
5747,0.8505469
5748,0.07806271
5749,0.9976742
5750,0.0069360435
5751,0.7165736
5752,0.99965334
5753,0.9581562
5754,0.8179412
5755,0.6285614
5756,0.9356537
5757,0.98916435
5758,0.69307804
5759,0.15392101
5760,0.025001287
5761,0.10118374
5762,0.9318892
5763,0.48966932
5764,0.028136015
5765,0.66161
5766,0.6850048
5767,0.52128065
5768,0.8853371
5769,0.999828
5770,0.9982487
5771,0.9962724
5772,0.9995505
5773,0.9986111
5774,0.0020726025
5775,0.9994024
5776,0.97636837
5777,0.9647475
5778,0.9999161
5779,0.99864006
5780,0.6983236
5781,0.99351084
5782,0.00075134635
5783,0.9028827
5784,0.0007713437
5785,0.7542201
5786,0.6657875
5787,0.98599374
5788,0.24511495
5789,0.07200438
5790,0.5362021
5791,0.16024345
5792,0.9989066
5793,0.59498405
5794,0.8464503
5795,0.09533015
5796,0.010973513
5797,0.8681454
5798,0.5476481
5799,0.22299477
5800,0.99837136
5801,0.9999881
5802,0.9957926
5803,0.97119516
5804,0.00918889
5805,0.7019707
5806,0.8850955
5807,0.96019244
5808,0.09011865
5809,0.48055446
5810,0.10920009
5811,0.083001465
5812,0.9924326
5813,0.024804682
5814,0.93110454
5815,0.9993508
5816,0.026454628
5817,0.075495034
5818,0.30893886
5819,0.9988563
5820,0.9587451
5821,0.43347585
5822,0.9992285
5823,0.999969
5824,0.970497
5825,0.9770874
5826,0.9598757
5827,0.30103064
5828,0.58465713
5829,0.0060301423
5830,0.24616805
5831,0.9054858
5832,0.99955887
5833,0.051747292
5834,0.25206274
5835,0.9693353
5836,0.09462446
5837,0.99620557
5838,0.013523191
5839,0.93285227
5840,0.7458945
5841,0.05771151
5842,0.882331
5843,0.40237403
5844,0.99840426
5845,0.0076607764
5846,0.039349556
5847,0.019360512
5848,0.7663852
5849,0.09746072
5850,0.119954765
5851,0.16123557
5852,0.37209353
5853,0.23786917
5854,0.03852883
5855,0.11260587
5856,0.9990221
5857,0.20672444
5858,0.046617866
5859,0.69697255
5860,0.8525914
5861,0.9560039
5862,0.3551821
5863,0.9877503
5864,0.99992645
5865,0.9999974
5866,0.98757243
5867,0.9998672
5868,0.97135127
5869,0.32645154
5870,0.99944997
5871,0.00082039833
5872,0.11120525
5873,0.47394523
5874,0.026743352
5875,0.12754989
5876,0.0503366
5877,0.96429574
5878,0.12365726
5879,0.119797945
5880,0.5552521
5881,0.024763346
5882,0.99195534
5883,0.9999827
5884,0.7475604
5885,0.98086274
5886,0.93588233
5887,0.9874594
5888,0.05217606
5889,0.013208002
5890,0.06707448
5891,0.99976856
5892,0.14895582
5893,0.97992676
5894,0.6103879
5895,0.0049324334
5896,0.9996761
5897,0.9827256
5898,0.62831044
5899,0.8847869
5900,0.108614326
5901,0.7976907
5902,0.3851133
5903,0.98159266
5904,0.008866161
5905,0.14414975
5906,0.881016
5907,0.45983082
5908,0.5060843
5909,0.9785632
5910,0.20089614
5911,0.9952048
5912,0.05098498
5913,0.99357533
5914,0.2876687
5915,0.33658692
5916,0.044533074
5917,0.99863863
5918,0.99501526
5919,0.053320825
5920,0.3092221
5921,0.28940827
5922,0.520693
5923,0.99623346
5924,0.13211507
5925,0.92552185
5926,0.99400353
5927,0.081839204
5928,0.8928125
5929,0.99981344
5930,0.007848471
5931,0.42755318
5932,0.271438
5933,0.16190577
5934,0.06310812
5935,0.07590887
5936,0.005153775
5937,0.6035664
5938,0.30588883
5939,0.9641477
5940,0.02743563
5941,0.422955
5942,0.9984654
5943,0.06859851
5944,8.763856e-06
5945,0.07735652
5946,0.9997077
5947,0.5183493
5948,0.0007174015
5949,0.7112201
5950,0.015284985
5951,0.9956998
5952,0.6077193
5953,0.99870694
5954,0.08170408
5955,0.02693811
5956,0.81568444
5957,0.9917696
5958,0.99998236
5959,0.98353636
5960,0.9656242
5961,0.025382519
5962,0.013945758
5963,0.9774486
5964,0.14756373
5965,0.97445846
5966,0.9975807
5967,0.0040290058
5968,0.8140726
5969,0.00025966763
5970,0.99984264
5971,0.07239714
5972,0.9979918
5973,0.80254364
5974,0.9271264
5975,0.122139305
5976,0.31518418
5977,0.91516984
5978,0.5345115
5979,0.10288349
5980,0.37496388
5981,0.99774206
5982,0.9960108
5983,0.96199554
5984,0.51534706
5985,0.0044039786
5986,0.098522276
5987,0.7473623
5988,0.9989179
5989,0.4209982
5990,0.9814732
5991,0.11737865
5992,0.0029973686
5993,0.61877555
5994,0.9995207
5995,0.3531701
5996,0.9397539
5997,0.98539275
5998,0.9455291
5999,0.13190937
6000,0.94920003
6001,0.4595923
6002,0.19370559
6003,0.9858726
6004,0.15131167
6005,0.039848417
6006,0.9994892
6007,0.014545351
6008,0.29430905
6009,0.995737
6010,0.77962023
6011,0.00016862154
6012,0.026901424
6013,0.2777084
6014,0.03456971
6015,0.009806544
6016,0.9719612
6017,0.06327933
6018,0.035944283
6019,0.998601
6020,0.9998107
6021,0.95542103
6022,0.023879796
6023,0.97709286
6024,0.12285274
6025,0.5824245
6026,0.23562562
6027,0.9746523
6028,0.2893947
6029,0.99643254
6030,0.8563462
6031,0.9992529
6032,0.4249673
6033,0.94331145
6034,0.99967045
6035,0.067988604
6036,0.9999999
6037,0.14398769
6038,0.031154275
6039,0.02849853
6040,0.0028144121
6041,0.8535217
6042,0.046292365
6043,0.7968004
6044,0.039602786
6045,0.37227923
6046,0.007345706
6047,0.65615404
6048,0.9508786
6049,0.94355506
6050,0.9999929
6051,0.7121983
6052,0.99990094
6053,0.8287319
6054,0.9515041
6055,0.8145182
6056,0.9999137
6057,0.8843532
6058,0.47853315
6059,0.98414886
6060,0.25385264
6061,0.009312987
6062,0.060784817
6063,0.98103476
6064,0.19728637
6065,0.17914394
6066,0.71925503
6067,0.00036168098
6068,0.821612
6069,0.19230303
6070,0.88369423
6071,0.3714907
6072,0.50151646
6073,0.32845122
6074,0.061429113
6075,0.08371091
6076,0.9782436
6077,0.31461096
6078,0.20688602
6079,0.99718714
6080,0.9998803
6081,0.97647816
6082,0.6373777
6083,0.22208601
6084,0.7806245
6085,0.64343756
6086,0.030601025
6087,0.44738048
6088,0.26609838
6089,0.2339423
6090,0.010158271
6091,0.97534966
6092,0.985203
6093,0.88378847
6094,0.85731554
6095,0.29626215
6096,0.088676274
6097,0.94805235
6098,0.20851341
6099,0.9247323
6100,0.9492522
6101,0.954329
6102,0.723313
6103,0.9966819
6104,0.07367405
6105,8.4067935e-05
6106,0.9840065
6107,0.4236156
6108,0.13900489
6109,1.0
6110,0.9308859
6111,0.72790825
6112,0.99485964
6113,0.011010796
6114,0.9998683
6115,0.023432642
6116,0.35971504
6117,0.8675382
6118,0.17347282
6119,0.18604577
6120,0.9999515
6121,0.9798015
6122,0.056031257
6123,0.9983747
6124,0.9817637
6125,0.6127669
6126,0.9921207
6127,0.557488
6128,0.3392511
6129,0.07489735
6130,0.96979916
6131,0.94579077
6132,0.75976646
6133,0.6646493
6134,0.98477805
6135,0.0073962808
6136,0.09685278
6137,0.027846426
6138,0.16560882
6139,0.94724584
6140,0.369459
6141,0.71646225
6142,0.6811124
6143,0.63539606
6144,0.0019782186
6145,0.40193933
6146,0.06452915
6147,0.0237436
6148,0.9952773
6149,0.13726687
6150,0.99995846
6151,0.08732614
6152,0.056493133
6153,0.001331687
6154,0.9883131
6155,0.78569907
6156,0.038109124
6157,0.9995264
6158,0.99634933
6159,0.90986466
6160,0.02648598
6161,0.034893394
6162,0.011280626
6163,0.9892949
6164,0.06905192
6165,0.03226009
6166,0.995626
6167,0.42263636
6168,0.9519533
6169,0.99612427
6170,0.9815055
6171,0.99992454
6172,0.087682396
6173,0.9964478
6174,0.8371556
6175,0.9548414
6176,0.5886173
6177,0.3039372
6178,0.9960154
6179,0.0074284673
6180,0.27934852
6181,0.9516223
6182,0.9029593
6183,0.6177988
6184,0.87463254
6185,0.2612887
6186,0.9948558
6187,0.72550297
6188,0.74400085
6189,0.99985033
6190,0.19721034
6191,0.6672331
6192,0.038098276
6193,0.9466681
6194,0.49293032
6195,0.8516904
6196,0.96767765
6197,0.18652335
6198,0.99853325
6199,0.2604304
6200,0.9999799
6201,0.5089696
6202,0.7931795
6203,0.9992759
6204,0.99870676
6205,0.76894045
6206,0.016631752
6207,0.9983773
6208,0.1861726
6209,0.9748158
6210,0.9977379
6211,0.15735412
6212,0.735152
6213,0.5613699
6214,0.95235896
6215,0.95465493
6216,0.99905896
6217,0.8929939
6218,0.8293638
6219,0.9867466
6220,0.40191978
6221,0.056837052
6222,0.9395449
6223,0.88202834
6224,0.86879253
6225,0.9870908
6226,0.9999523
6227,0.62571615
6228,0.66601104
6229,0.46092498
6230,0.21304247
6231,0.14290959
6232,0.8746877
6233,0.30562353
6234,0.9207412
6235,0.009474486
6236,0.03361562
6237,0.816949
6238,0.04017198
6239,0.9998729
6240,0.37431714
6241,0.0047186017
6242,0.042229444
6243,0.43858057
6244,0.9941397
6245,0.53708774
6246,0.9999789
6247,0.24727374
6248,0.9958851
6249,0.78933644
6250,0.082458824
6251,0.05601403
6252,0.006760061
6253,0.9403367
6254,0.17155021
6255,0.00511837
6256,0.9934889
6257,0.032867014
6258,0.9219828
6259,0.35237837
6260,0.7089446
6261,0.44433492
6262,0.9979348
6263,0.8434797
6264,0.6319709
6265,0.024012834
6266,0.10008395
6267,0.9988928
6268,0.15139261
6269,0.35582978
6270,0.63774127
6271,0.12768081
6272,0.055319488
6273,0.96937
6274,0.4730275
6275,0.40971643
6276,0.99981415
6277,0.9937055
6278,0.013813108
6279,0.89258313
6280,0.50602525
6281,0.71484315
6282,0.9858469
6283,0.998397
6284,0.16229841
6285,0.037179083
6286,0.99976563
6287,0.9994806
6288,0.010558784
6289,0.99162036
6290,0.99998367
6291,0.7664362
6292,0.26416326
6293,0.99973404
6294,0.9968066
6295,0.00074732304
6296,0.9978353
6297,0.49912554
6298,0.9914849
6299,0.1554982
6300,0.9944785
6301,0.22944105
6302,0.08436331
6303,0.07844722
6304,0.9974811
6305,0.99923694
6306,0.9996495
6307,0.016595632
6308,0.99995685
6309,0.20899993
6310,0.99982274
6311,0.99609005
6312,0.045603156
6313,0.99731433
6314,0.84629494
6315,0.99995196
6316,0.39222014
6317,0.9951464
6318,0.15549427
6319,0.9999975
6320,0.10000813
6321,0.99996567
6322,0.49937198
6323,0.9946723
6324,0.9990554
6325,0.29772156
6326,0.00044211745
6327,0.7956799
6328,0.2757463
6329,0.7409825
6330,0.085684
6331,0.5680971
6332,0.115113825
6333,0.48204958
6334,0.50332534
6335,0.0151616335
6336,0.93008024
6337,0.06281999
6338,0.9698347
6339,0.9929205
6340,0.30298513
6341,0.036064833
6342,0.0060234666
6343,0.39611596
6344,0.23350641
6345,0.05500841
6346,0.095122606
6347,0.92944753
6348,0.33830887
6349,0.35701454
6350,0.45272106
6351,0.72692907
6352,0.9979485
6353,0.97129136
6354,0.3816179
6355,0.9994309
6356,0.9863311
6357,0.9881777
6358,0.0061084926
6359,0.0216223
6360,0.9981666
6361,0.9632722
6362,0.9887532
6363,0.001816988
6364,0.045362145
6365,0.32216287
6366,0.033305913
6367,0.9252754
6368,0.95804656
6369,0.50867134
6370,0.88276064
6371,0.03892809
6372,0.6759995
6373,0.9345944
6374,0.99270374
6375,0.021972895
6376,0.079241335
6377,0.000900954
6378,0.15958595
6379,0.96472836
6380,0.38054007
6381,0.9410344
6382,0.99919593
6383,0.99999905
6384,0.405724
6385,0.996405
6386,0.07488257
6387,0.6257378
6388,0.007264465
6389,0.9999989
6390,0.42006332
6391,0.013049096
6392,0.99962294
6393,0.9326988
6394,0.5279256
6395,0.9997994
6396,0.09495705
6397,0.9512267
6398,0.98524797
6399,0.15986255
6400,0.2238079
6401,0.029937446
6402,0.023114473
6403,0.8377393
6404,0.06150773
6405,0.9703679
6406,0.72369075
6407,0.58284575
6408,0.9660663
6409,0.6384694
6410,0.9834844
6411,0.6951062
6412,0.9908489
6413,0.03997761
6414,0.82521474
6415,0.96720475
6416,0.14449406
6417,0.23056948
6418,0.10826847
6419,0.20730731
6420,0.0553675
6421,0.8510127
6422,0.9818447
6423,0.9879495
6424,0.06940326
6425,0.8902309
6426,0.00027659535
6427,0.79961586
6428,0.86380553
6429,0.4071204
6430,0.24327135
6431,0.934111
6432,0.31093952
6433,0.31238478
6434,0.03871408
6435,0.98672384
6436,0.005701095
6437,0.291453
6438,0.8483105
6439,0.75260603
6440,0.049351513
6441,0.3958109
6442,0.0070657134
6443,0.17049965
6444,0.64216447
6445,0.9970505
6446,0.3552809
6447,0.7345917
6448,0.10153341
6449,0.99499667
6450,0.04295048
6451,0.0031264722
6452,0.9993911
6453,0.7742194
6454,0.00059995055
6455,0.08769873
6456,0.9590831
6457,0.79008996
6458,0.6980252
6459,0.06704292
6460,4.1433646e-05
6461,0.99999726
6462,0.09917569
6463,0.98494077
6464,0.22866589
6465,0.99479866
6466,0.69799864
6467,0.031625718
6468,0.024168223
6469,0.8795207
6470,0.9180871
6471,0.9736508
6472,0.14411259
6473,0.79663247
6474,0.85747945
6475,0.9477445
6476,0.29754302
6477,0.95804375
6478,0.9971168
6479,0.21373421
6480,0.08778912
6481,0.55445933
6482,0.6124506
6483,0.017819732
6484,0.12204251
6485,0.0022763908
6486,0.026530981
6487,0.9948925
6488,0.15882644
6489,0.09911466
6490,0.041968375
6491,0.17231715
6492,0.9834442
6493,0.7923274
6494,0.0023631752
6495,0.8953233
6496,0.9989448
6497,0.052333683
6498,0.99711525
6499,0.09953573
6500,0.9999707
6501,0.9797467
6502,0.22914627
6503,0.9852394
6504,0.10287562
6505,0.4564751
6506,0.98718137
6507,0.99995035
6508,0.15898001
6509,0.65546983
6510,0.95869946
6511,0.10623136
6512,0.011822164
6513,0.06795862
6514,0.457509
6515,0.016709954
6516,0.9893436
6517,0.13705859
6518,0.8534343
6519,0.006300986
6520,0.66829824
6521,0.9917258
6522,0.5076144
6523,0.9898255
6524,0.98619336
6525,0.02013892
6526,0.2791463
6527,0.090580344
6528,0.97852516
6529,0.99747396
6530,0.6083912
6531,0.8743869
6532,0.99802506
6533,0.9998468
6534,0.999432
6535,6.162354e-05
6536,0.9124086
6537,0.60963124
6538,0.74681985
6539,0.06743622
6540,0.030151457
6541,0.97193456
6542,0.98563397
6543,0.06940326
6544,0.7016968
6545,0.13548833
6546,0.95409274
6547,0.80347806
6548,0.99174386
6549,0.98800784
6550,0.95077825
6551,0.9955313
6552,0.039133042
6553,0.007908404
6554,0.92850685
6555,0.9981462
6556,0.0007869899
6557,0.9842702
6558,0.0789808
6559,0.07392731
6560,0.96060115
6561,0.98727715
6562,0.5340932
6563,0.9164778
6564,0.00027942657
6565,0.9990711
6566,0.17131644
6567,0.079144925
6568,0.9707856
6569,0.99999386
6570,0.7799727
6571,0.0059170425
6572,0.0038263202
6573,0.9110091
6574,0.40053388
6575,0.99201566
6576,0.4497139
6577,0.9958589
6578,0.9999927
6579,0.9896564
6580,0.99859756
6581,0.3894598
6582,0.9745492
6583,0.13004252
6584,0.1416949
6585,0.7759899
6586,0.9975319
6587,0.9559406
6588,0.985772
6589,0.055034906
6590,0.45641878
6591,0.004519224
6592,0.24630615
6593,0.24185273
6594,0.007510543
6595,0.06611699
6596,0.03662178
6597,0.99620783
6598,0.1643694
6599,0.2619613
6600,0.7014519
6601,0.9741217
6602,0.71388197
6603,0.0003015101
6604,0.9866941
6605,0.0002233684
6606,0.785532
6607,0.003740847
6608,0.14873958
6609,0.013881236
6610,0.0006466508
6611,0.99303293
6612,0.17843217
6613,0.0935325
6614,0.5560889
6615,0.9977156
6616,0.037625194
6617,0.7293335
6618,0.037569374
6619,0.06123495
6620,0.96878743
6621,0.8090302
6622,0.9731847
6623,0.8711217
6624,0.96503
6625,0.091995984
6626,0.9983806
6627,0.9338304
6628,0.011309773
6629,0.995638
6630,0.97348124
6631,0.31304586
6632,0.51689255
6633,0.9451018
6634,0.82753813
6635,0.14740095
6636,0.99845594
6637,0.9910177
6638,0.30848968
6639,0.11475706
6640,0.9997499
6641,0.9721762
6642,0.014660031
6643,0.98760355
6644,0.06998572
6645,0.41736245
6646,0.89113903
6647,0.9991635
6648,0.9873948
6649,0.9886686
6650,0.9852046
6651,0.8883573
6652,0.08259514
6653,0.896765
6654,0.98202765
6655,0.9999119
6656,0.060132325
6657,0.25979763
6658,0.80381525
6659,0.6259198
6660,0.018771023
6661,0.0011434853
6662,0.25905415
6663,0.14063919
6664,0.7952479
6665,0.7457665
6666,0.12966183
6667,0.9840195
6668,0.055431873
6669,0.96190387
6670,0.98808753
6671,0.28285602
6672,0.03660369
6673,0.12861943
6674,0.22030097
6675,0.9930474
6676,0.76640505
6677,0.97319144
6678,0.02967444
6679,0.050210387
6680,0.089398175
6681,0.023362309
6682,0.014116228
6683,8.745279e-08
6684,0.99987465
6685,0.20678163
6686,0.9820696
6687,0.011226237
6688,0.9998716
6689,0.23644876
6690,0.039177597
6691,0.6121216
6692,0.010852516
6693,0.8829782
6694,0.99968725
6695,0.9797549
6696,0.8099117
6697,0.97276604
6698,0.626388
6699,0.847986
6700,0.90705705
6701,0.13108578
6702,0.773268
6703,0.99243164
6704,0.007094085
6705,0.9999995
6706,0.936679
6707,0.9990955
6708,0.18527773
6709,0.22121659
6710,0.9996468
6711,0.97963
6712,0.013119668
6713,0.28846833
6714,0.9975904
6715,0.56763124
6716,0.90572035
6717,0.0811975
6718,0.94392776
6719,0.67866766
6720,0.061349064
6721,0.9953158
6722,0.59798276
6723,0.8689928
6724,0.9897984
6725,0.95711
6726,0.16836646
6727,0.9778017
6728,0.90953773
6729,0.89606833
6730,0.48739713
6731,0.9599668
6732,0.1756827
6733,0.19324318
6734,0.9997604
6735,0.13932636
6736,0.99708533
6737,0.046570837
6738,0.55571496
6739,0.9969883
6740,0.0022916794
6741,0.99517775
6742,0.9926645
6743,0.7853722
6744,0.99741364
6745,0.9413729
6746,0.06684172
6747,0.9961578
6748,0.99808365
6749,0.9676552
6750,0.9991454
6751,0.5665362
6752,0.9854585
6753,0.88779724
6754,0.9901045
6755,0.35285768
6756,0.9884368
6757,0.0405972
6758,0.96888995
6759,0.2669487
6760,0.0024036467
6761,0.78681433
6762,0.11081955
6763,0.9995849
6764,0.93911004
6765,0.97248185
6766,0.0034631193
6767,0.29638475
6768,0.021380752
6769,0.064448655
6770,0.99999905
6771,0.99479985
6772,0.24140084
6773,0.7686938
6774,0.0073564947
6775,0.9657371
6776,0.079319
6777,0.97611105
6778,0.4519317
6779,0.5968831
6780,0.99778223
6781,0.9867945
6782,0.6432097
6783,0.902372
6784,0.069521874
6785,0.7823933
6786,0.015972286
6787,0.8557143
6788,0.9298994
6789,0.9999926
6790,0.16057006
6791,0.9951968
6792,0.82947165
6793,0.9923795
6794,0.077904135
6795,0.02742514
6796,0.3821578
6797,0.99452543
6798,0.0843617
6799,0.9914042
6800,0.3192288
6801,5.037574e-05
6802,0.9382446
6803,0.99908334
6804,0.99994254
6805,0.9909328
6806,0.96242166
6807,0.9903549
6808,0.99988925
6809,0.9912839
6810,0.21666515
6811,0.021300763
6812,0.94485307
6813,0.9119711
6814,0.6880621
6815,0.13367724
6816,0.0076043606
6817,0.4772373
6818,0.018259674
6819,0.73228294
6820,0.17592743
6821,0.21254906
6822,0.74530625
6823,0.99714535
6824,0.6661606
6825,0.63572854
6826,0.99366665
6827,0.2696242
6828,0.07864076
6829,0.86822045
6830,0.45817974
6831,0.23153895
6832,0.9403536
6833,0.894505
6834,0.053501308
6835,0.9617628
6836,0.9999769
6837,0.39873582
6838,0.09157482
6839,0.71535563
6840,0.70404726
6841,0.61349744
6842,0.6039909
6843,0.12876132
6844,0.001803875
6845,0.44869298
6846,0.61780405
6847,0.99342513
6848,0.8076623
6849,0.9836042
6850,0.65188247
6851,0.7308731
6852,0.6364428
6853,0.9965293
6854,0.077616304
6855,0.8376113
6856,0.53023565
6857,0.65040135
6858,0.8756756
6859,0.02122575
6860,0.5552867
6861,0.1024155
6862,0.5970385
6863,0.43673438
6864,0.68642914
6865,0.9994862
6866,0.0522092
6867,0.025668293
6868,0.9983143
6869,0.0063670278
6870,0.50644547
6871,0.14015147
6872,0.22541726
6873,0.046959013
6874,0.12692532
6875,0.5383569
6876,0.8497292
6877,0.9934149
6878,0.9987083
6879,0.96295947
6880,0.007922381
6881,0.85043097
6882,0.51881236
6883,0.19626701
6884,0.006807953
6885,0.46683884
6886,0.3195808
6887,0.9885274
6888,0.37853348
6889,0.21152776
6890,0.044270873
6891,0.90722096
6892,0.113808334
6893,0.050173253
6894,0.92515934
6895,0.98553026
6896,0.9879139
6897,0.9112058
6898,0.8558076
6899,0.011259228
6900,0.29013982
6901,0.92066216
6902,0.8859159
6903,0.101397485
6904,0.002602607
6905,0.9991874
6906,0.848886
6907,0.9343181
6908,0.16071704
6909,0.99877405
6910,0.011348665
6911,0.97411215
6912,0.5788037
6913,0.20971084
6914,0.004299313
6915,0.9999
6916,0.03327954
6917,0.9910047
6918,0.8200154
6919,0.15198883
6920,0.99987066
6921,0.14735931
6922,0.073783904
6923,0.90513813
6924,0.7584076
6925,0.99617183
6926,0.9039919
6927,0.9981103
6928,0.6183287
6929,0.9830307
6930,0.75508404
6931,0.9356973
6932,0.0077959895
6933,0.9891901
6934,0.9918741
6935,0.9999667
6936,0.005547166
6937,0.15733132
6938,0.682661
6939,0.30299252
6940,0.3932377
6941,0.20179644
6942,0.8929353
6943,0.11752775
6944,0.99746823
6945,0.96877265
6946,0.00039464235
6947,0.24816927
6948,0.39600277
6949,0.8027694
6950,0.20885015
6951,0.3725317
6952,0.9828515
6953,0.999169
6954,0.04903534
6955,0.0066203177
6956,0.19150081
6957,0.18882933
6958,0.8605636
6959,0.96252203
6960,0.045458615
6961,0.8701569
6962,0.16377607
6963,0.3742367
6964,0.82339853
6965,0.9994792
6966,0.028087676
6967,0.06544235
6968,0.9868695
6969,0.9750595
6970,0.010155827
6971,0.8390839
6972,0.9996499
6973,0.8848487
6974,0.102999836
6975,0.993847
6976,0.17522371
6977,0.83663213
6978,0.2482611
6979,0.15662473
6980,0.87585807
6981,0.99407697
6982,0.7641354
6983,0.12491861
6984,1.9753385e-05
6985,0.90576196
6986,0.0010653138
6987,0.99964774
6988,0.98243403
6989,0.087958485
6990,0.014802575
6991,0.9855933
6992,0.043186188
6993,0.93148446
6994,0.7721516
6995,0.2557378
6996,0.16753241
6997,0.3184108
6998,0.6591164
6999,0.95487344
7000,0.5757474
7001,0.9932976
7002,0.9983344
7003,0.91404843
7004,0.9030935
7005,0.010841906
7006,0.6584234
7007,0.19065678
7008,0.024761945
7009,0.020284772
7010,0.92684555
7011,0.17679593
7012,0.16983274
7013,0.010414124
7014,0.17926249
7015,0.98322
7016,0.94322854
7017,0.9990858
7018,0.7065958
7019,0.8856813
7020,0.013400674
7021,0.6311826
7022,0.9935212
7023,0.099310756
7024,0.89883566
7025,0.9709409
7026,0.9998538
7027,0.9993381
7028,0.99816954
7029,0.9865137
7030,0.14396882
7031,0.029073387
7032,0.06535122
7033,0.9470573
7034,0.9998026
7035,0.04457295
7036,0.8105168
7037,0.9984803
7038,0.9840639
7039,0.6968582
7040,0.0011039972
7041,0.17830667
7042,0.24724707
7043,0.97857136
7044,0.49280542
7045,0.000100225596
7046,0.9921976
7047,0.70143074
7048,0.9720653
7049,0.62906814
7050,0.5345318
7051,0.19263673
7052,0.635069
7053,0.008407801
7054,0.99998355
7055,0.6396265
7056,0.73563385
7057,0.27412444
7058,0.3307559
7059,0.2770811
7060,0.99685466
7061,0.9292441
7062,0.26167166
7063,0.13014495
7064,0.7970071
7065,0.05853212
7066,0.8170903
7067,0.9937005
7068,0.17733344
7069,0.47594824
7070,0.0001333952
7071,6.5822664e-10
7072,0.3117556
7073,0.055320323
7074,0.98270386
7075,0.95607907
7076,0.5813009
7077,0.08575061
7078,0.70638
7079,0.9954386
7080,6.691386e-05
7081,0.01981154
7082,0.9999907
7083,0.73048246
7084,1.401195e-05
7085,0.84361416
7086,0.31498718
7087,0.0003260672
7088,0.6101624
7089,0.9975214
7090,0.9487113
7091,0.8378186
7092,0.6246114
7093,0.9334973
7094,0.72010493
7095,0.24368116
7096,0.001238972
7097,0.02648881
7098,0.7425389
7099,0.22470745
7100,0.2643903
7101,0.0013715923
7102,0.06950435
7103,0.43351912
7104,0.15305752
7105,0.59527534
7106,0.9046093
7107,0.9840585
7108,0.59296405
7109,0.99998724
7110,0.9941163
7111,0.97881585
7112,0.99677765
7113,0.9785965
7114,0.9990143
7115,0.9034288
7116,0.09956929
7117,0.044967055
7118,0.14796537
7119,0.04426256
7120,0.9998145
7121,0.92431915
7122,0.9890106
7123,0.23502523
7124,0.6864436
7125,0.99914294
7126,0.09485194
7127,0.5567766
7128,0.97719896
7129,0.2643049
7130,0.8801553
7131,0.9999031
7132,0.7262795
7133,0.12990043
7134,0.22282025
7135,0.28898433
7136,0.9726685
7137,0.8591982
7138,0.9995003
7139,0.9923512
7140,0.99691755
7141,0.9919121
7142,0.9868082
7143,0.999422
7144,0.9999323
7145,0.39846522
7146,0.050869823
7147,0.9900612
7148,0.980253
7149,0.1893782
7150,0.0013639331
7151,0.40558523
7152,0.41796055
7153,0.15077776
7154,0.17978954
7155,0.99856174
7156,0.91661716
7157,0.6997743
7158,0.033542186
7159,0.1827985
7160,0.9859818
7161,0.80858576
7162,0.026801914
7163,0.803458
7164,0.03131932
7165,0.027366668
7166,0.017178506
7167,0.9971634
7168,0.93986154
7169,0.07495636
7170,0.02255842
7171,0.69480306
7172,0.10780156
7173,0.0070197284
7174,0.9231908
7175,0.14220047
7176,0.025207609
7177,0.4671385
7178,0.99017704
7179,0.733416
7180,0.8400748
7181,0.7284641
7182,0.9826071
7183,0.000808388
7184,0.9035269
7185,0.06832367
7186,0.3323872
7187,0.9673877
7188,0.9995333
7189,0.9731078
7190,0.9476476
7191,0.10728586
7192,0.65186715
7193,0.99999523
7194,0.0876461
7195,0.9993179
7196,0.47713053
7197,0.9533293
7198,0.9861728
7199,0.9959307
7200,0.12155965
7201,0.9918214
7202,0.11104113
7203,0.18491077
7204,0.5086617
7205,0.9724649
7206,0.13420296
7207,0.32793087
7208,0.9997667
7209,0.96677995
7210,0.99995255
7211,0.9536027
7212,0.49978834
7213,0.99981797
7214,0.5740184
7215,0.15977544
7216,0.95311
7217,0.99892986
7218,0.39536303
7219,0.8927065
7220,0.0097005665
7221,0.004187107
7222,0.011918426
7223,0.4993475
7224,0.915063
7225,0.025816679
7226,0.1261333
7227,0.9975377
7228,0.0004594922
7229,0.2097297
7230,0.4276141
7231,0.11046976
7232,0.99988747
7233,0.046582848
7234,0.46587247
7235,0.9722587
7236,0.7829375
7237,0.58454746
7238,0.017949104
7239,0.00947839
7240,7.027388e-05
7241,0.9999945
7242,0.7847714
7243,0.99929166
7244,0.33480614
7245,0.9865744
7246,0.0040611923
7247,0.3014502
7248,0.015196502
7249,0.98754394
7250,0.13460433
7251,0.7490088
7252,0.90681684
7253,0.20370519
7254,0.4164354
7255,0.12126717
7256,0.915963
7257,0.354217
7258,0.9442649
7259,0.30975232
7260,0.13586128
7261,0.016118318
7262,0.08303645
7263,0.0020635724
7264,0.09376392
7265,0.6670519
7266,4.210994e-05
7267,0.9998927
7268,0.8628768
7269,0.08359784
7270,0.2439388
7271,0.952162
7272,0.99954903
7273,0.9006658
7274,0.07701784
7275,0.6293421
7276,0.02919805
7277,0.01997742
7278,0.99268585
7279,0.9969007
7280,0.41448885
7281,0.0007392764
7282,0.934034
7283,0.83979213
7284,0.9976101
7285,0.9376663
7286,0.5675949
7287,0.96789914
7288,0.7361525
7289,0.99989766
7290,0.952021
7291,0.011331171
7292,0.5090969
7293,0.6907872
7294,0.9889313
7295,0.08255771
7296,0.81290805
7297,0.9877298
7298,0.9965614
7299,0.43103546
7300,0.9863162
7301,0.9986805
7302,0.43541127
7303,0.57864785
7304,0.44400448
7305,0.27253455
7306,0.9898199
7307,0.890466
7308,0.76173323
7309,0.07239339
7310,0.35311568
7311,0.7360959
7312,0.20387626
7313,0.36976838
7314,0.644143
7315,0.04020381
7316,0.9988048
7317,0.99638414
7318,0.92078525
7319,0.02100861
7320,0.4347112
7321,0.13482615
7322,0.9994339
7323,0.108602405
7324,0.99999756
7325,0.8520024
7326,0.9969914
7327,0.94665515
7328,0.03602177
7329,0.9932297
7330,0.9679289
7331,0.0046915114
7332,0.43829057
7333,0.97307134
7334,0.9364854
7335,0.85313165
7336,0.9162004
7337,0.99988365
7338,0.99839497
7339,0.9301727
7340,0.20518047
7341,0.004293382
7342,0.12979212
7343,9.3431314e-05
7344,0.9881933
7345,0.99837935
7346,0.97118664
7347,0.45600012
7348,0.008786887
7349,0.99692047
7350,0.8781708
7351,0.04441288
7352,0.55063224
7353,0.06196496
7354,0.56984085
7355,0.9990566
7356,0.00088497996
7357,0.99985397
7358,0.00037491322
7359,0.99609935
7360,0.9946103
7361,0.58814025
7362,0.29131562
7363,0.14196563
7364,0.87908834
7365,0.5285683
7366,0.9899664
7367,0.98371196
7368,0.0041360855
7369,0.15282133
7370,0.9994051
7371,0.9383803
7372,0.91018766
7373,0.99222034
7374,0.11883876
7375,0.5277259
7376,0.0028926432
7377,0.2709798
7378,0.8941175
7379,0.9841238
7380,0.051944524
7381,0.9990744
7382,0.0068378747
7383,0.069744945
7384,0.17976904
7385,0.99975777
7386,0.83876383
7387,0.9958321
7388,0.00064596534
7389,0.001177907
7390,0.9985975
7391,0.013527006
7392,0.99999166
7393,0.92342114
7394,0.006778866
7395,0.996472
7396,0.9998606
7397,0.6751035
7398,0.94390774
7399,0.5376628
7400,0.97672164
7401,0.000101331425
7402,0.98116505
7403,0.17909351
7404,0.8522879
7405,0.85048866
7406,0.5169307
7407,0.97901857
7408,0.7032587
7409,0.0037743747
7410,0.039771885
7411,0.37723598
7412,0.6241894
7413,0.99959564
7414,0.9893141
7415,0.5832864
7416,0.025587916
7417,0.96834606
7418,0.053097993
7419,0.03464344
7420,0.9715183
7421,0.97606516
7422,0.9849651
7423,0.7049521
7424,0.032313734
7425,0.045110613
7426,0.33714753
7427,0.92391336
7428,0.9889535
7429,0.48685443
7430,0.9791989
7431,0.9913031
7432,0.5023174
7433,0.9982463
7434,0.91448224
7435,0.99993503
7436,0.41765323
7437,0.9235077
7438,0.9992392
7439,0.99593246
7440,0.9868424
7441,0.9918083
7442,0.9269711
7443,0.9746276
7444,0.8110968
7445,0.47756582
7446,0.986908
7447,0.99948394
7448,0.99944884
7449,0.3576091
7450,0.03534177
7451,0.0033173263
7452,0.99586433
7453,0.9127619
7454,0.39361322
7455,0.48130915
7456,0.37469798
7457,0.99534476
7458,0.092333436
7459,0.6156145
7460,0.56072223
7461,0.33056533
7462,0.9504562
7463,0.8876151
7464,0.9989836
7465,0.12108567
7466,0.9999671
7467,0.98336244
7468,0.9994142
7469,0.98401296
7470,0.8859352
7471,0.33522946
7472,0.024965316
7473,0.006790191
7474,0.0067219436
7475,0.9235035
7476,0.016100615
7477,0.9421697
7478,0.86804384
7479,0.9682237
7480,0.04117489
7481,0.10282159
7482,0.16958869
7483,0.84892285
7484,0.047050685
7485,0.8968761
7486,0.9912287
7487,0.5612258
7488,0.9681221
7489,0.9588684
7490,0.2267439
7491,0.77120984
7492,0.99014413
7493,0.99997777
7494,0.953199
7495,0.9998162
7496,0.9331156
7497,0.91003245
7498,0.997042
7499,0.024991482
7500,0.29161286
7501,0.089416265
7502,0.79419637
7503,0.1270734
7504,0.04406008
7505,0.9893471
7506,0.5325496
7507,0.9925388
7508,0.98645353
7509,0.8544072
7510,0.7152387
7511,0.94586027
7512,0.9922356
7513,0.70890504
7514,0.999238
7515,0.013887793
7516,0.097812414
7517,0.9926051
7518,0.9977355
7519,0.89550745
7520,0.89567757
7521,0.99801886
7522,0.9957963
7523,0.008318037
7524,0.9930163
7525,0.9576632
7526,0.98781526
7527,0.9056785
7528,0.43303913
7529,0.02417782
7530,0.9975307
7531,0.5221459
7532,0.94573134
7533,0.9998441
7534,0.9973178
7535,0.08440593
7536,0.98407924
7537,0.22841558
7538,0.9358448
7539,0.9999646
7540,0.93414766
7541,0.99887663
7542,0.056490272
7543,0.9999951
7544,0.6408965
7545,0.01290378
7546,0.9998272
7547,0.026783288
7548,0.14759806
7549,0.90961134
7550,0.35544294
7551,0.15920219
7552,0.02143839
7553,0.14414975
7554,0.53566444
7555,0.4385466
7556,1.638666e-05
7557,3.5986024e-05
7558,0.99943495
7559,0.4102494
7560,0.9974518
7561,0.6294834
7562,0.9978829
7563,0.9566175
7564,0.8898594
7565,0.7970071
7566,0.19735849
7567,0.2717901
7568,0.31266955
7569,0.009723574
7570,0.9958774
7571,0.97418654
7572,0.9552499
7573,0.57859665
7574,0.053982407
7575,0.67236197
7576,0.10986006
7577,0.98352724
7578,0.60416895
7579,0.26630515
7580,1.0
7581,0.9184483
7582,0.9829407
7583,0.9343398
7584,0.99426496
7585,0.9857781
7586,0.2416412
7587,0.83847284
7588,0.9996779
7589,0.246936
7590,0.99962914
7591,0.8559767
7592,0.99376315
7593,0.6521875
7594,0.13900104
7595,0.07550523
7596,0.9978734
7597,0.99398077
7598,0.9460285
7599,0.9814322
7600,0.269576
7601,0.13013709
7602,0.99982214
7603,0.982844
7604,0.9998722
7605,0.9554024
7606,0.9096855
7607,0.8733789
7608,0.6008616
7609,0.98786914
7610,0.816729
7611,0.21206191
7612,0.12291741
7613,0.7985339
7614,0.99670506
7615,0.99992836
7616,0.4413585
7617,0.66070783
7618,0.43775904
7619,0.0960823
7620,0.0045366585
7621,0.61828494
7622,0.63828444
7623,0.9996338
7624,0.16184732
7625,0.06579575
7626,0.9980867
7627,0.04996559
7628,0.00097358227
7629,0.99871385
7630,0.38339818
7631,0.28237927
7632,0.22424442
7633,0.97382855
7634,0.89563954
7635,0.33358413
7636,0.063926905
7637,0.9006349
7638,0.009829968
7639,0.39740738
7640,0.02244988
7641,0.0057711005
7642,0.5955224
7643,0.62437105
7644,0.002952963
7645,0.99771625
7646,0.9945837
7647,0.0011886954
7648,0.97855806
7649,0.43802258
7650,0.36343777
7651,0.9561088
7652,0.9889096
7653,0.9857479
7654,0.58989596
7655,0.20861387
7656,0.26456833
7657,0.99717075
7658,0.00022181869
7659,0.9653939
7660,0.9978257
7661,0.9857228
7662,0.03688222
7663,0.6143328
7664,0.022239715
7665,0.43258888
7666,0.0026857853
7667,0.7145723
7668,0.99832296
7669,0.96305114
7670,0.83770394
7671,0.9977441
7672,0.0052016973
7673,0.9994194
7674,0.6090255
7675,0.99725676
7676,0.7883833
7677,0.96625644
7678,0.89708763
7679,0.3248549
7680,0.9939132
7681,0.9985255
7682,0.0017436147
7683,0.9474087
7684,0.0043614805
7685,0.0055747926
7686,0.9998004
7687,0.08646524
7688,0.9117893
7689,0.59985733
7690,0.2967648
7691,0.78903484
7692,0.99951684
7693,0.48312107
7694,0.99551594
7695,0.020303398
7696,0.121343225
7697,0.86369526
7698,0.98426914
7699,0.93192387
7700,0.0016137064
7701,0.010887772
7702,0.60998565
7703,0.9011339
7704,0.08298612
7705,0.20133269
7706,0.1348908
7707,0.1875597
7708,0.18475297
7709,0.09665194
7710,0.16543293
7711,0.8379978
7712,0.99935395
7713,0.98419917
7714,0.580443
7715,0.99990296
7716,0.7644579
7717,0.9997872
7718,0.048666447
7719,0.7584733
7720,0.93328553
7721,0.9847925
7722,0.31664547
7723,0.0010308921
7724,0.6530276
7725,0.39108717
7726,0.9999027
7727,0.9998921
7728,0.16586
7729,0.9943265
7730,0.97087723
7731,0.57893854
7732,0.99727094
7733,0.05065161
7734,0.99997574
7735,0.25658154
7736,0.49401557
7737,0.2508613
7738,0.99253905
7739,0.07006085
7740,0.051067203
7741,0.011270523
7742,0.9999869
7743,0.9983894
7744,0.8183639
7745,0.88138163
7746,0.017384112
7747,0.4188575
7748,0.9846287
7749,0.65317243
7750,0.0360637
7751,0.0019420087
7752,0.15745732
7753,0.7060283
7754,0.23834065
7755,0.022589236
7756,0.05634433
7757,0.0007508993
7758,0.16070402
7759,0.026180774
7760,0.2113342
7761,0.9995422
7762,0.91355026
7763,0.15360084
7764,0.98907554
7765,0.0005439222
7766,0.8314712
7767,0.6752095
7768,0.99993074
7769,0.99278533
7770,0.9999824
7771,0.70318586
7772,0.9999858
7773,0.08546841
7774,0.22040361
7775,0.0064373612
7776,0.26507866
7777,0.8337909
7778,0.99597377
7779,0.0018513799
7780,0.034345925
7781,0.019430995
7782,0.99982446
7783,0.8351724
7784,0.10104999
7785,1.0
7786,0.6405056
7787,0.74728656
7788,0.09500715
7789,0.82189775
7790,0.9699351
7791,0.7548994
7792,0.7291705
7793,0.0013928115
7794,0.03935337
7795,0.17024621
7796,0.0060629547
7797,0.9769589
7798,0.030643702
7799,0.0016224384
7800,0.85157496
7801,0.07904363
7802,0.4443872
7803,0.29840392
7804,0.9988812
7805,0.6937412
7806,0.048302263
7807,0.9967896
7808,0.020659864
7809,0.9999987
7810,0.9271296
7811,0.607148
7812,0.98471636
7813,0.44167018
7814,0.28122982
7815,0.67939144
7816,0.93458927
7817,0.99800205
7818,0.9995706
7819,0.814623
7820,0.12030992
7821,0.9757669
7822,0.012135267
7823,0.5627207
7824,0.008473158
7825,0.69013244
7826,0.47701418
7827,0.1079548
7828,0.018119872
7829,0.93261266
7830,0.99982876
7831,0.9611306
7832,0.33522564
7833,0.7049057
7834,0.99564195
7835,0.020863384
7836,0.99771726
7837,0.21731114
7838,0.9005656
7839,0.073203444
7840,0.7877497
7841,0.9647927
7842,0.98133445
7843,0.44541532
7844,0.9727464
7845,0.99843955
7846,0.9992886
7847,0.9999605
7848,0.9982291
7849,0.9700992
7850,0.99846643
7851,0.9492188
7852,0.0801245
7853,0.9714314
7854,0.97444963
7855,0.44632927
7856,0.51510596
7857,0.9999343
7858,0.9993248
7859,0.918048
7860,0.997777
7861,0.9787506
7862,0.5546714
7863,0.9957702
7864,0.69435084
7865,0.33297598
7866,0.99963975
7867,0.96212614
7868,0.80504835
7869,0.052270442
7870,0.34610716
7871,0.7345135
7872,0.8740033
7873,0.018639177
7874,0.99391764
7875,0.30528834
7876,0.99694806
7877,0.038029432
7878,0.050404727
7879,0.91174245
7880,0.82246166
7881,0.16537276
7882,0.72095543
7883,0.9999703
7884,0.9999179
7885,0.7879071
7886,0.9940804
7887,0.56204367
7888,0.025875688
7889,0.49313173
7890,0.71986735
7891,0.96911013
7892,0.47128356
7893,0.13457727
7894,0.9567648
7895,0.5146205
7896,0.073494345
7897,0.3979351
7898,0.010253906
7899,0.7175211
7900,0.9920092
7901,0.0035965145
7902,0.004787147
7903,0.97017324
7904,0.46489578
7905,0.96175575
7906,0.39562106
7907,0.9448009
7908,0.124925226
7909,0.05584812
7910,0.008229971
7911,0.04184425
7912,0.9903394
7913,0.5893495
7914,0.16392449
7915,0.018789023
7916,0.059438646
7917,0.29561412
7918,0.40623188
7919,0.0892289
7920,0.86251307
7921,0.89792395
7922,0.9998214
7923,0.27687144
7924,0.7066348
7925,0.9998301
7926,0.9843979
7927,0.3382993
7928,0.99813795
7929,0.9732226
7930,0.037605077
7931,0.9999439
7932,0.10082957
7933,0.073660135
7934,0.095214665
7935,0.98725927
7936,0.9958563
7937,0.6298342
7938,0.9856148
7939,0.4501898
7940,0.008866638
7941,0.98438513
7942,0.76464057
7943,0.14187354
7944,0.318075
7945,0.12068713
7946,0.99515736
7947,0.9922099
7948,0.0039720833
7949,0.9960594
7950,0.9882134
7951,0.0065152943
7952,0.9991195
7953,0.9986514
7954,0.15793467
7955,0.027927488
7956,0.7460754
7957,0.034713417
7958,0.9903209
7959,0.08745873
7960,0.9968382
7961,0.4595923
7962,0.20796564
7963,0.051033825
7964,0.927075
7965,0.99902666
7966,0.9988198
7967,0.002302736
7968,0.99746406
7969,0.15919721
7970,0.133959
7971,0.12664813
7972,0.9244883
7973,0.58033705
7974,0.9999807
7975,0.8699353
7976,0.008979231
7977,0.8819386
7978,0.9997667
7979,0.9481245
7980,0.4183909
7981,0.9628938
7982,0.97908866
7983,0.12431139
7984,0.6470878
7985,0.03103581
7986,0.4126071
7987,0.9850601
7988,0.17785445
7989,0.9887717
7990,0.70042163
7991,0.8061434
7992,0.6222639
7993,0.15757978
7994,0.37119183
7995,0.84158397
7996,0.9594135
7997,0.035521805
7998,0.9842887
7999,0.00021350384
8000,0.9852587
8001,0.024442941
8002,0.805066
8003,0.014443159
8004,0.9630351
8005,0.93801326
8006,0.0061694384
8007,0.5594872
8008,0.99987054
8009,0.98455906
8010,0.7927556
8011,0.5678564
8012,0.023147672
8013,0.033499897
8014,0.69691086
8015,0.312941
8016,0.06034541
8017,0.1755234
8018,0.5356069
8019,0.94297624
8020,0.9521595
8021,0.83117896
8022,0.9880594
8023,0.9715171
8024,0.021263301
8025,0.9634267
8026,0.9591043
8027,0.98242193
8028,0.99878895
8029,0.8098403
8030,0.9951825
8031,0.7697179
8032,0.4245429
8033,0.7852388
8034,0.06994352
8035,0.77645355
8036,0.3902975
8037,0.21608546
8038,0.04525104
8039,0.4030496
8040,0.7845279
8041,0.99968666
8042,0.10699502
8043,0.10429755
8044,0.7778423
8045,0.99952745
8046,7.173447e-06
8047,0.65911925
8048,0.9712409
8049,0.945331
8050,0.39002973
8051,0.21634793
8052,0.90871036
8053,0.08890912
8054,0.9735009
8055,0.91288364
8056,0.17118198
8057,0.06083885
8058,0.99365747
8059,0.99941254
8060,0.97634906
8061,0.83265275
8062,0.26705667
8063,0.0016696155
8064,0.9998423
8065,0.7981908
8066,0.2724914
8067,0.9988972
8068,0.03286475
8069,0.07041168
8070,0.98029506
8071,0.9519877
8072,0.11866006
8073,0.89912736
8074,0.00083836913
8075,0.15500289
8076,0.15862
8077,0.9984671
8078,0.33284456
8079,0.8883722
8080,0.5231349
8081,0.014439672
8082,0.64934117
8083,0.40275997
8084,0.2726234
8085,0.88092303
8086,0.0024324954
8087,0.97995985
8088,0.999698
8089,0.055464953
8090,0.8976685
8091,0.036922544
8092,0.31114233
8093,0.59000736
8094,0.020365477
8095,0.016699195
8096,0.017397642
8097,0.04155165
8098,0.6133658
8099,0.07469311
8100,0.03913176
8101,0.886462
8102,0.57617044
8103,0.006929785
8104,0.91486657
8105,0.9999364
8106,0.93577933
8107,0.0034092367
8108,0.30184627
8109,0.87060237
8110,0.99164546
8111,0.97294223
8112,0.7483486
8113,0.9737241
8114,0.078903615
8115,0.055759102
8116,0.9366918
8117,0.0034517944
8118,0.82978845
8119,0.41364625
8120,0.9953968
8121,0.03490743
8122,0.47653222
8123,0.008727461
8124,0.022496343
8125,0.0022379458
8126,0.4135921
8127,0.95023614
8128,0.15926805
8129,0.5502511
8130,0.7813378
8131,0.18095964
8132,0.8276249
8133,0.7326952
8134,0.6267117
8135,0.6838565
8136,0.81628907
8137,0.85468256
8138,0.091784716
8139,0.99112093
8140,0.9993747
8141,0.04765907
8142,0.53765714
8143,0.044550568
8144,0.3524598
8145,0.9931611
8146,0.8242525
8147,0.90821373
8148,0.9824074
8149,0.9998889
8150,0.9871745
8151,0.4030464
8152,0.9745004
8153,0.9437853
8154,0.98426974
8155,0.95844495
8156,0.9516094
8157,0.9999995
8158,0.017711163
8159,0.9375821
8160,0.05121541
8161,0.21562096
8162,0.9999814
8163,0.99729526
8164,0.031158864
8165,0.0047751367
8166,0.035900682
8167,0.58462393
8168,0.12146431
8169,0.6570316
8170,0.26185584
8171,0.009646922
8172,0.8081595
8173,0.8534106
8174,0.9870094
8175,0.84085834
8176,0.87207824
8177,0.9978838
8178,0.99902105
8179,0.79114044
8180,0.32744038
8181,0.6447032
8182,0.049270183
8183,0.26510993
8184,0.48902497
8185,0.8503922
8186,0.014741659
8187,0.019201875
8188,0.9259689
8189,0.9997432
8190,0.15561101
8191,0.841504
8192,0.9905802
8193,0.53122044
8194,0.9992453
8195,0.69230133
8196,0.36348164
8197,0.015106291
8198,0.9854671
8199,0.98118037
8200,0.10732767
8201,0.95301306
8202,0.8614098
8203,0.0069369376
8204,0.916378
8205,0.004850179
8206,0.02064702
8207,0.7609006
8208,0.9964497
8209,0.0058864355
8210,0.972883
8211,0.9523736
8212,0.54933643
8213,0.2617713
8214,0.5243805
8215,0.9984736
8216,0.9837102
8217,0.99991024
8218,0.029288083
8219,0.5741974
8220,0.22398913
8221,0.21847591
8222,0.20500383
8223,0.99999046
8224,0.084539354
8225,0.10291642
8226,0.06557548
8227,0.5852282
8228,0.094516754
8229,0.11390269
8230,0.99857354
8231,0.9999578
8232,0.9677214
8233,0.95949715
8234,0.08946684
8235,0.052440614
8236,0.743104
8237,0.72303534
8238,0.6334705
8239,0.9978757
8240,0.9636868
8241,0.2816646
8242,0.35637352
8243,0.5130061
8244,0.59567165
8245,0.22265124
8246,0.93777424
8247,0.98166895
8248,0.29711658
8249,0.033218533
8250,0.0037531555
8251,0.9974184
8252,0.023118377
8253,0.696518
8254,0.99707615
8255,0.51861405
8256,0.7470413
8257,0.0021453798
8258,0.99951386
8259,0.9999149
8260,0.9096384
8261,0.080307394
8262,0.7036952
8263,0.9926573
8264,0.170652
8265,0.49838006
8266,0.9993967
8267,0.98330164
8268,0.031165242
8269,0.011379659
8270,0.0018880963
8271,0.33243364
8272,0.98379874
8273,0.9998938
8274,0.033237338
8275,0.28931475
8276,0.7654161
8277,0.59134984
8278,0.00639683
8279,0.99926883
8280,0.7334019
8281,0.99996006
8282,0.97956467
8283,0.9554071
8284,0.060460567
8285,0.5288295
8286,0.029794574
8287,0.11031398
8288,0.95436686
8289,0.96182585
8290,0.95853674
8291,0.00033771992
8292,0.011270523
8293,0.08251226
8294,0.8066701
8295,0.082311034
8296,0.24115977
8297,0.97123027
8298,0.3595615
8299,0.00069123507
8300,0.9986023
8301,0.51493114
8302,0.939558
8303,0.05103624
8304,0.07772499
8305,0.9862083
8306,0.06231141
8307,0.9593675
8308,0.2762277
8309,0.87049836
8310,0.99857426
8311,0.37951064
8312,0.43444622
8313,0.9986339
8314,0.0011017025
8315,0.9748571
8316,0.34088707
8317,0.41500437
8318,0.123663634
8319,0.43044704
8320,0.031689346
8321,0.9500072
8322,0.5004196
8323,0.015857935
8324,0.85385704
8325,0.031903386
8326,0.9846462
8327,0.8398268
8328,0.99839723
8329,0.17733085
8330,0.15074524
8331,0.998291
8332,0.89140844
8333,0.0074803233
8334,0.98380286
8335,0.8131634
8336,0.9909302
8337,0.92986995
8338,0.6111222
8339,0.018561363
8340,0.9999467
8341,0.4707767
8342,0.80706006
8343,0.1660636
8344,0.9999137
8345,0.18924648
8346,0.04772404
8347,0.9970279
8348,0.9948174
8349,0.40716508
8350,0.022780776
8351,0.02749303
8352,0.99938124
8353,0.9923107
8354,0.7735893
8355,0.024632812
8356,0.124602586
8357,0.72773564
8358,0.24281323
8359,0.0013101697
8360,0.017464846
8361,0.0009497404
8362,0.9966712
8363,0.056845486
8364,0.9841076
8365,0.06540209
8366,0.9999156
8367,0.07503131
8368,0.95458865
8369,0.45982084
8370,0.99357
8371,0.5109033
8372,0.03589347
8373,0.47845596
8374,0.99995846
8375,0.98745406
8376,0.0047944486
8377,0.99747235
8378,0.7291508
8379,0.25909883
8380,0.9929917
8381,0.9895427
8382,0.00020736456
8383,0.03972286
8384,0.32624954
8385,0.94964516
8386,0.8815745
8387,0.6428934
8388,0.00020512938
8389,0.0109574795
8390,0.013570756
8391,0.5598388
8392,0.9990245
8393,0.2804528
8394,0.61702156
8395,0.046575338
8396,0.13062134
8397,0.19737887
8398,0.6327385
8399,0.94082206
8400,0.13506657
8401,0.93507993
8402,0.79623854
8403,0.99083334
8404,0.29071546
8405,0.2640304
8406,0.77178776
8407,0.9854183
8408,0.019444078
8409,0.98097634
8410,0.016144425
8411,0.79782104
8412,0.8247346
8413,0.92320704
8414,0.9847194
8415,0.9612806
8416,0.9999126
8417,0.065065175
8418,0.78564954
8419,0.8968704
8420,1.937374e-05
8421,0.7674619
8422,0.95541996
8423,0.78513217
8424,0.0058080554
8425,0.9984937
8426,0.33158696
8427,0.18974659
8428,0.9949727
8429,0.22614765
8430,0.14033905
8431,0.48057932
8432,0.010182083
8433,0.26814386
8434,0.96127105
8435,0.99121535
8436,0.23553088
8437,0.98695445
8438,0.91147816
8439,0.9738463
8440,0.15322629
8441,0.6192978
8442,0.9962714
8443,0.76236784
8444,0.7903403
8445,0.9482889
8446,0.88448495
8447,0.89204144
8448,0.17843056
8449,0.996845
8450,0.00039967895
8451,0.47954252
8452,0.050820887
8453,0.9599377
8454,0.9885253
8455,0.96543115
8456,0.029403478
8457,0.06491244
8458,0.9127282
8459,0.013396472
8460,0.98192155
8461,0.056541294
8462,0.95722675
8463,0.19778207
8464,0.28649223
8465,0.7100625
8466,0.898465
8467,0.928707
8468,0.6820948
8469,0.97659445
8470,0.33108366
8471,0.016599447
8472,0.822276
8473,0.8115058
8474,0.026808858
8475,0.6264174
8476,0.03672704
8477,0.9895674
8478,0.88368237
8479,0.9876603
8480,0.44510728
8481,0.00062710047
8482,0.11849618
8483,0.014393479
8484,0.21930516
8485,0.8215673
8486,0.98438966
8487,0.13514543
8488,0.98736215
8489,0.4542123
8490,0.9880087
8491,0.3898628
8492,0.70975745
8493,0.9237457
8494,0.036132514
8495,0.17763156
8496,0.99718106
8497,0.8813206
8498,0.002353549
8499,0.6525867
8500,0.99999905
8501,0.99462396
8502,0.1697517
8503,0.19178787
8504,0.99434537
8505,0.49867162
8506,0.89846945
8507,0.012798458
8508,0.99753016
8509,0.1441885
8510,0.9366553
8511,0.5894652
8512,0.353001
8513,0.9976816
8514,0.051404923
8515,0.17570281
8516,0.079387486
8517,0.06437728
8518,0.06835434
8519,0.01942268
8520,0.40941086
8521,0.7337526
8522,0.08185494
8523,0.11423913
8524,0.036748856
8525,0.2046454
8526,0.9395869
8527,0.9917619
8528,0.9997109
8529,0.16863066
8530,0.17156148
8531,0.9116429
8532,0.9910162
8533,0.9418596
8534,0.92863333
8535,0.99917114
8536,0.9977075
8537,0.4646225
8538,0.82573205
8539,0.9697789
8540,0.8835463
8541,0.1111905
8542,0.85794926
8543,0.99999976
8544,0.8846247
8545,0.99972063
8546,0.94540775
8547,0.96273744
8548,0.08108866
8549,0.020644188
8550,0.9580741
8551,0.92546105
8552,0.09417999
8553,0.8045027
8554,0.1634309
8555,0.9089947
8556,0.80943894
8557,0.99588054
8558,0.70265347
8559,0.99999493
8560,0.08618063
8561,0.25106496
8562,0.9999961
8563,0.98096156
8564,0.47709033
8565,0.26687455
8566,0.9957452
8567,0.471345
8568,0.050421745
8569,0.86202306
8570,0.7137683
8571,0.9018479
8572,0.98763543
8573,0.08467266
8574,0.99992585
8575,0.018707067
8576,0.98878014
8577,0.103455275
8578,0.51536846
8579,0.9168844
8580,0.059511513
8581,0.037567943
8582,0.29422918
8583,0.06512681
8584,0.7351537
8585,0.045901984
8586,0.42910558
8587,0.99951947
8588,0.8793957
8589,0.42269677
8590,0.69696647
8591,0.21065044
8592,0.99987787
8593,0.9844847
8594,0.9999993
8595,0.7081158
8596,0.051160753
8597,0.9923929
8598,0.9696908
8599,0.1258311
8600,0.21261364
8601,0.9894322
8602,0.8079845
8603,0.16418833
8604,0.8180167
8605,0.9367155
8606,0.9539567
8607,0.0017471313
8608,0.20459116
8609,0.20893216
8610,0.4179922
8611,0.002207607
8612,0.9526506
8613,0.9996057
8614,0.9996848
8615,0.38454726
8616,0.8533958
8617,0.5796092
8618,0.99199426
8619,0.42097393
8620,0.740367
8621,0.9999747
8622,0.30666
8623,0.3549882
8624,0.8854495
8625,0.8616885
8626,0.9999995
8627,0.7997838
8628,0.9971775
8629,0.0680711
8630,0.9925628
8631,0.8748896
8632,0.8982024
8633,0.8902139
8634,0.6339073
8635,0.008074969
8636,0.99218917
8637,0.08409071
8638,0.05372715
8639,0.25878042
8640,0.8693411
8641,0.9999988
8642,0.25733864
8643,0.69856626
8644,0.76780415
8645,0.19971088
8646,0.99999326
8647,0.19915164
8648,0.43689346
8649,0.010840744
8650,0.99947286
8651,0.87138367
8652,0.06724116
8653,0.45979804
8654,0.97553146
8655,0.7319888
8656,0.5021565
8657,0.99665856
8658,0.99954545
8659,0.997162
8660,0.9584639
8661,0.8787985
8662,0.34717047
8663,0.99883395
8664,0.94942653
8665,0.99952686
8666,0.0056687295
8667,0.65368265
8668,0.010172904
8669,0.16350698
8670,0.38195303
8671,0.9166373
8672,0.6095327
8673,0.15527406
8674,0.9991656
8675,0.4208481
8676,0.3959365
8677,0.045981914
8678,0.553909
8679,0.99867415
8680,0.6875613
8681,0.57363725
8682,0.17432761
8683,0.21863699
8684,0.57025415
8685,0.9031221
8686,0.03250739
8687,0.9980967
8688,0.9933043
8689,0.10404658
8690,0.9979286
8691,0.99996257
8692,0.08027372
8693,0.008833379
8694,0.9575067
8695,0.9988613
8696,0.5524712
8697,0.0019061863
8698,0.30047324
8699,0.97439075
8700,0.1916672
8701,0.22592008
8702,0.76030016
8703,0.92864084
8704,0.06938234
8705,0.28542864
8706,0.9945117
8707,0.5915345
8708,0.9998391
8709,0.78572583
8710,0.10618928
8711,0.3376187
8712,0.9965935
8713,0.9540386
8714,0.8054957
8715,0.9584229
8716,0.48481563
8717,0.1714944
8718,0.07757911
8719,0.00028786063
8720,0.9998908
8721,0.018330157
8722,0.18962547
8723,0.99547595
8724,0.42782477
8725,0.5314074
8726,0.9638883
8727,0.5575466
8728,0.7384596
8729,0.4696026
8730,0.015041143
8731,0.1380451
8732,0.9982649
8733,0.9185976
8734,0.99290943
8735,0.8469519
8736,0.9973512
8737,0.8474922
8738,0.9565373
8739,0.80708283
8740,0.21980527
8741,0.90949136
8742,0.9867966
8743,0.020457208
8744,0.791098
8745,0.2887697
8746,0.99741536
8747,0.17223781
8748,0.7047319
8749,0.5006692
8750,0.99772394
8751,0.0019580722
8752,0.18934798
8753,0.9989205
8754,0.47712466
8755,0.9725393
8756,0.9992981
8757,0.9627038
8758,0.022425592
8759,0.8367954
8760,0.75297177
8761,0.4176781
8762,0.084845215
8763,0.004362315
8764,0.87960196
8765,0.9884652
8766,0.90187675
8767,0.012686193
8768,0.11476731
8769,0.521194
8770,0.9950483
8771,0.9445578
8772,0.9156779
8773,0.91636324
8774,0.0072283447
8775,0.42890924
8776,0.99959815
8777,0.98703814
8778,0.3372302
8779,0.9868688
8780,0.12710208
8781,0.2816757
8782,0.99469995
8783,0.99860126
8784,0.9109378
8785,0.99851346
8786,0.2144843
8787,0.40635934
8788,0.3418
8789,0.78476644
8790,0.9993743
8791,0.71879613
8792,0.3844484
8793,0.98443484
8794,0.93620217
8795,0.9989248
8796,0.5613125
8797,0.99915916
8798,0.9358626
8799,0.7637774
8800,0.8984654
8801,0.20761934
8802,0.41471595
8803,0.9847417
8804,0.999767
8805,0.9316573
8806,0.010700971
8807,0.9833083
8808,0.892421
8809,0.71742904
8810,0.5201139
8811,0.80231416
8812,0.9913758
8813,0.9979272
8814,0.01339376
8815,0.45248854
8816,0.74528295
8817,0.06516057
8818,0.30375606
8819,0.84339356
8820,0.100339025
8821,0.30184627
8822,0.89383227
8823,0.5665374
8824,0.9999065
8825,0.5133988
8826,0.16895086
8827,0.09709135
8828,0.015935808
8829,0.49527627
8830,0.25190383
8831,0.4579485
8832,0.018894851
8833,0.9970076
8834,0.99931026
8835,0.83284956
8836,0.9858023
8837,0.8860105
8838,0.5416736
8839,0.020499468
8840,0.8439508
8841,0.890826
8842,0.005921304
8843,0.6664366
8844,0.9921495
8845,0.96571213
8846,0.7785077
8847,0.018342227
8848,0.94763505
8849,0.09719139
8850,0.97970283
8851,0.0077225566
8852,0.01696518
8853,0.9045285
8854,0.56325233
8855,0.0022129118
8856,0.30647343
8857,0.6318572
8858,0.81189024
8859,0.9806241
8860,0.99500847
8861,0.9856789
8862,0.006980419
8863,0.19839877
8864,0.99886924
8865,0.3545329
8866,0.32478908
8867,0.5850514
8868,0.9975636
8869,0.3447739
8870,0.084117234
8871,0.98436135
8872,0.999457
8873,0.6939937
8874,0.97616005
8875,0.61841047
8876,0.18975139
8877,0.9998553
8878,0.9975302
8879,0.14470094
8880,0.039292842
8881,0.22872925
8882,0.8830366
8883,0.98727274
8884,0.60879296
8885,0.14896536
8886,0.9161345
8887,0.6402371
8888,0.045542926
8889,0.24644169
8890,0.509149
8891,0.9980183
8892,0.0035193264
8893,0.9914435
8894,0.23769522
8895,0.99988747
8896,0.964725
8897,0.4594787
8898,0.50783455
8899,0.98803586
8900,0.10302687
8901,0.98340327
8902,0.25822407
8903,0.03458342
8904,0.9984927
8905,0.09878269
8906,0.47220838
8907,0.8332474
8908,0.09225443
8909,0.3917541
8910,0.96371603
8911,0.015887082
8912,0.02630946
8913,0.8592453
8914,0.5491413
8915,0.99995315
8916,0.90459377
8917,0.76542574
8918,0.9997964
8919,0.75011325
8920,0.014623433
8921,0.713979
8922,0.99433625
8923,0.9564439
8924,0.5265668
8925,0.98635006
8926,0.00053295493
8927,0.00932169
8928,0.12041852
8929,0.0046004653
8930,0.025446177
8931,0.9323019
8932,0.8484008
8933,0.016055316
8934,0.0021538436
8935,0.98627293
8936,0.07530442
8937,0.6361976
8938,0.9996056
8939,0.5995341
8940,0.9435569
8941,0.16752774
8942,0.045888424
8943,0.29860836
8944,0.046734035
8945,0.8567349
8946,0.042283505
8947,0.01346308
8948,0.9069215
8949,3.9760007e-06
8950,0.56777483
8951,0.99961245
8952,0.87158144
8953,0.7959913
8954,0.99887526
8955,0.57799625
8956,0.18741977
8957,0.9904744
8958,0.99758923
8959,0.21234393
8960,0.9797317
8961,0.16541636
8962,0.5865338
8963,0.99273944
8964,0.023841381
8965,0.9848082
8966,0.13451585
8967,0.086434275
8968,0.9940771
8969,0.057404965
8970,0.81190014
8971,0.93718314
8972,0.89931345
8973,0.98409986
8974,0.99116737
8975,0.8059021
8976,0.3078603
8977,0.64285755
8978,0.9674723
8979,0.025591582
8980,0.53252
8981,0.1394139
8982,0.22957581
8983,0.97609127
8984,0.97886956
8985,0.9983001
8986,0.99221474
8987,0.7811799
8988,0.9447776
8989,0.00013893843
8990,0.5458457
8991,0.997661
8992,0.9996016
8993,0.45174345
8994,0.995387
8995,0.99542284
8996,0.9487084
8997,0.9548677
8998,0.07281184
8999,0.986784
9000,0.27139735
9001,0.97488034
9002,0.9997747
9003,0.83305043
9004,0.006690979
9005,0.9998522
9006,0.9942659
9007,0.96422374
9008,0.03680685
9009,0.8967618
9010,0.20652124
9011,0.98883593
9012,0.9994893
9013,0.9001924
9014,0.20889205
9015,0.14214575
9016,0.85722303
9017,0.8876542
9018,0.06243086
9019,0.19160116
9020,0.32292944
9021,0.98911804
9022,0.9703633
9023,0.9224559
9024,0.30209446
9025,0.9894432
9026,0.10521954
9027,0.99550354
9028,0.36732766
9029,0.0005135834
9030,0.5723596
9031,0.8875567
9032,0.1774905
9033,0.07622653
9034,0.7006352
9035,0.9863715
9036,0.68380004
9037,0.7008805
9038,0.78394425
9039,0.9985596
9040,0.0148305
9041,0.5584522
9042,0.9999876
9043,0.095422626
9044,0.00018149614
9045,0.19505808
9046,0.35023272
9047,0.0219073
9048,0.063121825
9049,0.6785624
9050,0.04704553
9051,0.050776273
9052,0.3316782
9053,0.010286868
9054,0.58983266
9055,0.41131273
9056,0.49205074
9057,0.99989176
9058,0.973264
9059,0.0031969845
9060,0.30627686
9061,0.74639904
9062,0.0102182925
9063,0.08797532
9064,0.00034296513
9065,0.75808907
9066,0.9999928
9067,0.8123903
9068,0.9656283
9069,0.8271962
9070,0.14863136
9071,0.9279151
9072,0.8368706
9073,0.007796794
9074,0.36563647
9075,0.03053987
9076,0.43961468
9077,0.02221483
9078,0.62794024
9079,0.00023573637
9080,0.999385
9081,0.3961202
9082,0.064079165
9083,0.063694865
9084,0.9898756
9085,0.0034182966
9086,0.0034058094
9087,0.97695756
9088,0.012031138
9089,0.69019115
9090,0.459842
9091,0.9899069
9092,0.99407274
9093,0.008493006
9094,0.14156547
9095,0.011760116
9096,0.9826808
9097,0.004261762
9098,0.88804424
9099,0.27240786
9100,0.99615407
9101,0.1291802
9102,0.8316124
9103,0.23406684
9104,0.9931529
9105,0.042888314
9106,0.14282411
9107,0.9949002
9108,0.99340165
9109,0.5556038
9110,0.63520455
9111,0.97159886
9112,0.99772024
9113,0.9999132
9114,0.9939486
9115,0.92451096
9116,0.84815925
9117,0.9962978
9118,0.038779557
9119,0.98128885
9120,0.48290294
9121,0.9266894
9122,0.9564606
9123,0.60016334
9124,0.23035446
9125,0.001001209
9126,0.31013092
9127,0.8996484
9128,0.92225504
9129,0.98403907
9130,0.89929986
9131,0.0001809299
9132,0.65705276
9133,0.0041638315
9134,0.20971832
9135,0.8914412
9136,0.95309365
9137,0.9907695
9138,0.94101197
9139,0.0056790113
9140,0.8542477
9141,0.0038911998
9142,0.42611125
9143,0.04649684
9144,0.38552222
9145,0.0055897236
9146,0.01129359
9147,0.4929551
9148,0.0030404031
9149,0.32658195
9150,0.03322339
9151,0.9930171
9152,0.12557864
9153,0.99999785
9154,0.84843373
9155,0.6743003
9156,0.33970055
9157,0.10179421
9158,0.011087149
9159,0.8130145
9160,0.99942553
9161,0.32050788
9162,0.77136517
9163,0.11986461
9164,0.0006454885
9165,0.820619
9166,0.41497624
9167,0.9923364
9168,0.75508374
9169,0.99807
9170,0.99536705
9171,0.9999947
9172,0.79668725
9173,0.92139745
9174,0.48526022
9175,0.7169919
9176,0.039860636
9177,0.9999716
9178,0.9695451
9179,0.9999747
9180,0.0048868954
9181,0.0441131
9182,0.967426
9183,0.005116701
9184,0.60652524
9185,0.9837556
9186,0.007880777
9187,0.008066446
9188,0.02096942
9189,0.9964755
9190,0.9641552
9191,0.0025491118
9192,0.052271426
9193,0.061561286
9194,0.97990906
9195,0.4996761
9196,0.91344523
9197,0.0020845532
9198,0.9655403
9199,0.998899
9200,0.0034024417
9201,0.0030381978
9202,0.004564315
9203,0.014521092
9204,0.26435655
9205,0.15993649
9206,0.39650762
9207,0.047365904
9208,0.15102395
9209,0.20674202
9210,0.9997673
9211,0.99877906
9212,0.00096333027
9213,0.15004754
9214,0.8802281
9215,0.042869747
9216,0.014097661
9217,0.960563
9218,0.7596469
9219,0.30636775
9220,0.08092031
9221,0.21530116
9222,0.55986583
9223,0.035054773
9224,0.030038059
9225,0.96814466
9226,0.0049964488
9227,0.48862776
9228,0.99245673
9229,0.0020304322
9230,0.8827305
9231,0.76229465
9232,0.04663959
9233,0.027355075
9234,0.30076888
9235,0.9989711
9236,0.8424418
9237,0.012432933
9238,0.47656196
9239,0.88785386
9240,0.8968979
9241,0.24554875
9242,0.6208908
9243,0.9124119
9244,0.655436
9245,0.999739
9246,0.75243896
9247,0.9937395
9248,0.7029917
9249,0.4873636
9250,0.6766962
9251,0.9397679
9252,0.91699845
9253,0.34261575
9254,0.9612148
9255,0.9471683
9256,0.089166105
9257,0.93646336
9258,0.9998696
9259,0.36092877
9260,0.25200936
9261,0.9985833
9262,0.98425376
9263,0.013067216
9264,0.5714764
9265,0.47974375
9266,0.08360937
9267,0.9993187
9268,0.0005605817
9269,0.9758134
9270,0.70010567
9271,0.04244426
9272,0.09710887
9273,0.9895609
9274,0.12709832
9275,0.012696952
9276,0.9998145
9277,0.9776787
9278,0.46459165
9279,0.954951
9280,0.20390576
9281,0.90888005
9282,0.093981594
9283,0.73069346
9284,0.9999623
9285,0.08036113
9286,0.99994314
9287,0.865332
9288,0.46104118
9289,0.12893176
9290,0.16414163
9291,0.013210118
9292,0.019438297
9293,0.9932376
9294,0.99910676
9295,0.9962517
9296,0.15157339
9297,0.9342302
9298,0.70999426
9299,0.75941527
9300,0.989264
9301,0.98728526
9302,0.9988712
9303,0.999923
9304,0.9873111
9305,0.94810784
9306,0.013358533
9307,0.34579766
9308,0.08915883
9309,0.060575366
9310,0.38019463
9311,0.9990985
9312,0.9906378
9313,0.085434765
9314,0.99993294
9315,0.24305001
9316,0.84096634
9317,0.91835
9318,0.97120494
9319,0.9628928
9320,0.99721164
9321,0.9973603
9322,0.019867241
9323,0.92683554
9324,0.9616156
9325,0.037205905
9326,0.020178974
9327,0.9998609
9328,0.8300147
9329,0.99999976
9330,0.9976077
9331,0.07093838
9332,0.11579168
9333,0.9193138
9334,0.9997684
9335,0.049874783
9336,0.9886823
9337,0.029176682
9338,0.96645737
9339,0.10003686
9340,0.9327314
9341,0.967597
9342,0.6140135
9343,0.24953452
9344,0.74669343
9345,0.04434398
9346,0.017880023
9347,0.565565
9348,0.15398869
9349,0.26693398
9350,0.34364974
9351,0.70219046
9352,0.015925854
9353,0.15236706
9354,0.99976635
9355,0.009254843
9356,0.99755895
9357,0.9710738
9358,0.12463948
9359,0.9793489
9360,0.009749711
9361,0.0085935
9362,0.014725417
9363,0.6781342
9364,0.00056782365
9365,0.91600895
9366,0.0014876723
9367,0.46667922
9368,0.9996192
9369,0.9974718
9370,0.7823991
9371,0.9314715
9372,0.28453967
9373,0.99984676
9374,0.25040942
9375,0.24655887
9376,0.49247578
9377,0.36452338
9378,0.99084264
9379,0.09227744
9380,0.9675329
9381,0.9991386
9382,0.09038091
9383,0.3563756
9384,0.99919105
9385,0.61330354
9386,0.785398
9387,0.0010306835
9388,0.050370634
9389,0.9999998
9390,0.0013383329
9391,0.98357916
9392,0.024650633
9393,0.9322965
9394,0.86375
9395,0.0029121935
9396,0.037993878
9397,0.029144347
9398,0.6285375
9399,0.9999994
9400,0.0148459375
9401,0.16534346
9402,0.9895991
9403,0.078757524
9404,0.07159743
9405,0.005135685
9406,0.838717
9407,0.9998976
9408,0.998852
9409,0.04627341
9410,0.1485048
9411,0.35981515
9412,0.99788404
9413,0.992941
9414,0.15149286
9415,0.9945742
9416,0.0026379228
9417,0.9986564
9418,0.76818
9419,0.00062948465
9420,0.6716155
9421,0.676279
9422,0.100495845
9423,0.8137368
9424,0.009333372
9425,0.95797586
9426,0.022695005
9427,0.9997225
9428,0.9999989
9429,0.36054847
9430,0.86604303
9431,0.0046324134
9432,0.9798076
9433,0.9671211
9434,0.94435894
9435,0.01612088
9436,0.9987762
9437,0.019956678
9438,0.40182182
9439,0.4980493
9440,0.10108122
9441,0.117557615
9442,0.48713294
9443,0.9708077
9444,0.7105963
9445,0.98977554
9446,0.00010305298
9447,0.97359836
9448,0.04074484
9449,0.9504842
9450,0.9972538
9451,0.07544097
9452,0.98123634
9453,0.94072473
9454,0.9914531
9455,0.6651447
9456,0.6825203
9457,1.0
9458,0.00032511353
9459,0.93959254
9460,0.9999612
9461,0.037225664
9462,0.29276848
9463,0.95340186
9464,0.97749573
9465,0.0112348795
9466,0.5652676
9467,0.6905868
9468,0.46124822
9469,0.91410255
9470,0.14257962
9471,0.3550188
9472,0.69378424
9473,0.0012952089
9474,0.7763915
9475,0.9984191
9476,0.5990277
9477,0.006123662
9478,0.35393274
9479,0.99131125
9480,0.17372626
9481,0.32061863
9482,0.29924214
9483,0.48159036
9484,0.99690306
9485,0.036314487
9486,0.99983543
9487,0.9244368
9488,0.13026357
9489,0.00060108304
9490,0.12256658
9491,0.021518856
9492,0.16532177
9493,0.91954327
9494,0.4237075
9495,0.9999931
9496,0.99874735
9497,0.34164688
9498,0.96046335
9499,0.10908347
9500,0.87420917
9501,0.14867333
9502,0.9997799
9503,0.9718109
9504,0.81950176
9505,0.055517346
9506,0.00046271086
9507,0.3775232
9508,0.011453986
9509,0.9987463
9510,0.9991556
9511,0.91625637
9512,0.8538517
9513,0.02098468
9514,0.90882623
9515,0.55118185
9516,0.20949268
9517,0.48120075
9518,0.020495802
9519,0.0025511384
9520,0.99479955
9521,0.9919006
9522,0.37055
9523,0.99133015
9524,0.9966373
9525,0.12534621
9526,0.53616637
9527,0.9931456
9528,0.485108
9529,0.63545334
9530,0.6934071
9531,0.00083836913
9532,0.37975392
9533,0.8170824
9534,0.9529824
9535,0.40247625
9536,0.47106916
9537,0.061836928
9538,0.48291796
9539,0.2604285
9540,0.6070497
9541,0.9971668
9542,0.36025137
9543,0.9806226
9544,0.08828744
9545,0.9993931
9546,0.05807361
9547,0.065512896
9548,0.7386144
9549,0.9997939
9550,0.006476909
9551,0.9429754
9552,0.955943
9553,0.031193703
9554,0.99755925
9555,0.98643124
9556,0.9151647
9557,0.35693792
9558,0.999943
9559,0.9897193
9560,0.10239521
9561,0.9987683
9562,0.9999972
9563,0.19740069
9564,0.0010979772
9565,0.81935835
9566,0.33046994
9567,0.99864423
9568,0.9791078
9569,0.4144
9570,0.019257188
9571,0.9325881
9572,0.06105748
9573,0.013010442
9574,0.99812573
9575,0.9215232
9576,0.43200684
9577,0.025973886
9578,0.85529524
9579,0.75639135
9580,0.0016510785
9581,0.68097824
9582,0.70326465
9583,0.9999466
9584,0.57605255
9585,0.9778652
9586,0.9855458
9587,0.994648
9588,0.3464764
9589,0.9983882
9590,0.07030594
9591,0.68713325
9592,0.01377818
9593,0.88668257
9594,0.96110886
9595,0.042567253
9596,0.0013715327
9597,0.07739586
9598,0.024362147
9599,0.027819276
9600,0.97992444
9601,0.14896575
9602,0.15251553
9603,0.9933481
9604,0.75660765
9605,0.9961393
9606,0.995059
9607,0.40780497
9608,0.37943012
9609,0.05128792
9610,0.33750528
9611,0.5593791
9612,0.46883816
9613,0.8368001
9614,0.9370619
9615,0.9807445
9616,0.0047334135
9617,0.44413897
9618,0.79532415
9619,0.80500174
9620,0.050331146
9621,0.5688316
9622,0.9676241
9623,0.0013409853
9624,0.0010840595
9625,0.05480331
9626,0.4431936
9627,0.77859354
9628,0.29135472
9629,0.998693
9630,0.41102773
9631,0.99234414
9632,0.0067673624
9633,0.07508424
9634,0.042799383
9635,0.007194221
9636,0.6438786
9637,0.7366964
9638,0.9998499
9639,0.9966284
9640,0.9999099
9641,0.2343466
9642,0.016669214
9643,0.6649197
9644,0.99721676
9645,0.14506009
9646,0.87743634
9647,0.79142034
9648,0.96269274
9649,0.99920285
9650,0.06427479
9651,0.121008575
9652,0.8789439
9653,0.9431406
9654,0.82548445
9655,0.0014285445
9656,0.036079913
9657,0.9825957
9658,0.41890314
9659,0.8145564
9660,0.341013
9661,0.2848895
9662,0.9514339
9663,0.56009126
9664,0.9886647
9665,0.9382638
9666,0.13295132
9667,0.9987091
9668,0.97896403
9669,0.6017129
9670,0.99998707
9671,0.05007121
9672,0.6490722
9673,0.5894896
9674,0.988418
9675,0.99999964
9676,0.06567827
9677,0.8264305
9678,0.9975285
9679,0.10248646
9680,0.9963805
9681,0.29577428
9682,0.9767889
9683,0.78643537
9684,0.9939891
9685,0.5534723
9686,0.9938091
9687,0.517599
9688,0.9826553
9689,0.9993235
9690,0.88070154
9691,0.97419846
9692,0.4887432
9693,0.013369709
9694,0.40488952
9695,0.18093568
9696,0.5443624
9697,0.92539597
9698,0.30088982
9699,0.39806882
9700,0.012624085
9701,0.9891428
9702,0.34118825
9703,0.20846957
9704,0.13777453
9705,0.3196453
9706,0.71495616
9707,0.9979615
9708,0.01059109
9709,0.289872
9710,0.22010133
9711,0.24556911
9712,0.30910274
9713,0.21122232
9714,0.99999833
9715,0.024836928
9716,0.9986383
9717,0.9803729
9718,0.9857962
9719,0.07845342
9720,0.007249713
9721,0.0010505617
9722,0.008148313
9723,0.14641729
9724,0.3747285
9725,0.97760206
9726,0.7279399
9727,0.13219431
9728,0.99811345
9729,0.021482408
9730,0.11370978
9731,0.87633514
9732,0.029758185
9733,0.7618619
9734,0.4847614
9735,0.9850711
9736,0.8809153
9737,1.0
9738,0.55434227
9739,0.6764566
9740,0.87414175
9741,0.76744956
9742,0.13658088
9743,0.9982673
9744,0.99999166
9745,0.1287629
9746,0.76921743
9747,0.9973662
9748,0.9833447
9749,0.99171126
9750,0.6297368
9751,0.99652773
9752,0.9694536
9753,0.9891809
9754,0.90463173
9755,0.057299018
9756,0.99990773
9757,0.5342276
9758,0.9878753
9759,0.8388392
9760,0.9528624
9761,0.12757695
9762,0.067379594
9763,0.99941516
9764,0.22687966
9765,0.94213367
9766,0.97531927
9767,0.98907626
9768,0.5335288
9769,0.3080548
9770,0.97712505
9771,0.93311644
9772,0.9856788
9773,0.9999928
9774,0.9595547
9775,0.09915671
9776,0.9224778
9777,0.9999713
9778,0.96080196
9779,0.016824007
9780,0.0038546324
9781,0.27179193
9782,0.99997884
9783,0.28498936
9784,0.17798543
9785,0.9557899
9786,0.99953055
9787,0.1032168
9788,0.9851805
9789,0.9995034
9790,0.43494597
9791,0.033956975
9792,0.7468094
9793,0.19793457
9794,0.9759513
9795,0.9691677
9796,0.9872438
9797,0.5026947
9798,0.55050385
9799,0.9206054
9800,0.20979083
9801,0.31602544
9802,0.69375145
9803,0.6475659
9804,0.08443138
9805,0.9937055
9806,0.30440533
9807,0.102187365
9808,0.6650581
9809,0.02212295
9810,0.63474035
9811,0.51063484
9812,0.9828282
9813,0.0024279058
9814,0.9914745
9815,0.08526245
9816,0.9908818
9817,0.19170934
9818,0.5304961
9819,0.16444883
9820,0.024345458
9821,0.9970859
9822,0.9514775
9823,0.68315655
9824,0.23964494
9825,0.8070758
9826,0.20131263
9827,0.9905978
9828,0.23369715
9829,0.83780754
9830,0.9815719
9831,0.9998776
9832,0.6535262
9833,0.18343458
9834,0.93729854
9835,0.9997959
9836,0.8012661
9837,0.24392241
9838,0.9907565
9839,0.22402185
9840,0.9988195
9841,0.08496764
9842,0.2187204
9843,0.599531
9844,0.104762524
9845,0.9745898
9846,0.71994853
9847,0.9385509
9848,0.24080679
9849,0.3974809
9850,0.99537885
9851,0.9973659
9852,0.63239646
9853,0.67850524
9854,0.9966513
9855,0.0730032
9856,0.00039938092
9857,0.082951546
9858,0.14273831
9859,0.9983283
9860,0.00029790401
9861,1.0
9862,0.9985574
9863,0.08293539
9864,0.99172056
9865,0.025122583
9866,0.99955255
9867,0.8727937
9868,0.98780227
9869,0.57625175
9870,0.023844302
9871,0.999894
9872,0.5922529
9873,0.0027368367
9874,0.9732082
9875,0.9736208
9876,0.14009753
9877,0.9354845
9878,0.04938513
9879,0.076402366
9880,0.07968491
9881,0.025985926
9882,0.99984145
9883,0.9879881
9884,0.997521
9885,0.64618367
9886,0.22011021
9887,0.25155264
9888,0.8289691
9889,0.9999549
9890,0.49029094
9891,0.9872511
9892,0.025367111
9893,0.18266034
9894,0.9959438
9895,0.95636535
9896,0.9983754
9897,0.6078633
9898,0.07300037
9899,0.015734822
9900,0.9915612
9901,0.20249817
9902,0.84312624
9903,0.3415866
9904,0.26203313
9905,0.9747272
9906,0.9970055
9907,0.9979217
9908,0.9978873
9909,0.74215317
9910,0.38487312
9911,0.99999845
9912,0.21429318
9913,0.98580885
9914,0.044552326
9915,0.9926785
9916,0.008319318
9917,0.24179596
9918,0.99992967
9919,0.6187567
9920,0.089337885
9921,0.83797336
9922,0.99999714
9923,0.019450396
9924,0.3277656
9925,0.9878926
9926,0.99620265
9927,0.9593208
9928,0.98783135
9929,0.9988374
9930,0.12571082
9931,0.01575458
9932,0.12429309
9933,0.12692907
9934,0.2543285
9935,0.24920699
9936,0.03632635
9937,0.011622757
9938,0.08334628
9939,0.42387486
9940,0.99028534
9941,1.0
9942,0.99775696
9943,0.19519803
9944,0.36119324
9945,0.006537497
9946,0.9866601
9947,0.98115015
9948,0.9232813
9949,0.8248377
9950,1.6339378e-05
9951,0.106087595
9952,0.6329059
9953,0.6517122
9954,0.0074769557
9955,0.070291966
9956,0.85067916
9957,0.19696644
9958,0.7256986
9959,0.6404889
9960,0.9996964
9961,0.003859967
9962,0.19855896
9963,0.20551983
9964,0.97224313
9965,0.14759853
9966,0.01799938
9967,0.029927075
9968,0.9999472
9969,0.26378906
9970,0.968886
9971,0.0012953877
9972,0.65150684
9973,0.97094136
9974,0.71800095
9975,0.429958
9976,0.000112209345
9977,0.19542518
9978,0.61528707
9979,0.0018689036
9980,0.10170221
9981,0.2291337
9982,0.0019947588
9983,0.9999951
9984,0.48385155
9985,0.3706264
9986,0.99855375
9987,0.8821702
9988,0.75326186
9989,0.9984347
9990,0.10082111
9991,0.96984744
9992,0.26835048
9993,0.30466908
9994,0.005147606
9995,0.04888466
9996,0.005619943
9997,0.9936934
9998,0.0043286085
9999,0.9688307
10000,0.99573696
10001,0.15941718
10002,0.9220192
10003,0.9943267
10004,0.9532334
10005,0.99799496
10006,0.002482295
10007,0.04012099
10008,0.16235074
10009,0.71385473
10010,0.0008711517
10011,0.9995464
10012,0.0077443123
10013,0.18001324
10014,0.90910035
10015,6.887242e-05
10016,0.7439116
10017,0.63130194
10018,0.9997926
10019,0.9965564
10020,0.99162865
10021,0.18404922
10022,0.024497032
10023,0.998
10024,0.990239
10025,0.37567443
10026,0.6300422
10027,0.006769061
10028,0.36117908
10029,0.7930185
10030,0.7480215
10031,0.44782645
10032,0.76729834
10033,0.35884273
10034,0.06287986
10035,0.6043711
10036,0.39650762
10037,0.32966387
10038,0.012236536
10039,0.56182194
10040,0.11536133
10041,0.9998948
10042,0.5524479
10043,0.3357727
10044,0.2881722
10045,0.9217564
10046,0.9999942
10047,0.6205591
10048,0.7073164
10049,0.5476017
10050,0.00013202429
10051,0.0402613
10052,0.14549416
10053,0.409871
10054,0.99999404
10055,0.99921167
10056,0.96081734
10057,0.78080964
10058,0.9493706
10059,0.7519703
10060,0.99974334
10061,0.12680218
10062,0.9365851
10063,0.9611081
10064,0.73216194
10065,0.00965932
10066,0.9998871
10067,0.03882882
10068,0.03579092
10069,0.9127701
10070,0.14169136
10071,0.109910816
10072,0.9944639
10073,0.08654472
10074,0.52305865
10075,0.9507419
10076,0.9969404
10077,0.528537
10078,0.9977801
10079,0.65317243
10080,0.6570114
10081,0.97829837
10082,0.43676996
10083,0.88490295
10084,0.9260211
10085,0.31094843
10086,0.25847167
10087,0.99890924
10088,0.9955046
10089,0.9876959
10090,0.9098426
10091,0.9977739
10092,0.93390137
10093,0.56017476
10094,0.17729682
10095,0.20285645
10096,0.9462131
10097,0.9999515
10098,0.93436885
10099,0.9550848
10100,0.99136883
10101,0.98856115
10102,0.95650715
10103,0.35000068
10104,0.7774131
10105,0.13609421
10106,0.40574935
10107,0.10717064
10108,0.9569032
10109,0.35412598
10110,0.42797244
10111,0.9996274
10112,0.80286354
10113,0.044152796
10114,0.08193144
10115,0.5289535
10116,0.7771691
10117,0.99914277
10118,0.59012264
10119,0.19543725
10120,0.9987707
10121,0.75894797
10122,0.49191076
10123,0.001539737
10124,0.72915804
10125,0.10409111
10126,0.01275596
10127,0.01493603
10128,0.07979432
10129,0.67584586
10130,0.012059301
10131,0.94720906
10132,0.21807739
10133,0.007175356
10134,0.9997447
10135,0.0015002489
10136,0.30269092
10137,0.14225608
10138,0.86810946
10139,0.7977632
10140,0.9552629
10141,0.6686989
10142,0.13045612
10143,0.94893324
10144,0.24755672
10145,0.9813876
10146,0.17659429
10147,0.85549474
10148,0.9999722
10149,0.7901002
10150,0.023582071
10151,0.7973659
10152,0.62788707
10153,0.15503728
10154,0.97325504
10155,0.023207098
10156,0.34764364
10157,0.97760206
10158,0.22100008
10159,0.7457352
10160,0.9990335
10161,0.47763938
10162,0.98304975
10163,0.35272545
10164,0.9984654
10165,0.21594644
10166,0.019261748
10167,0.5009478
10168,0.74243736
10169,0.7699926
10170,0.9727645
10171,0.9992702
10172,0.99937195
10173,0.9994045
10174,0.03362918
10175,0.81255716
10176,0.9352532
10177,0.98567796
10178,0.99494857
10179,0.93712044
10180,0.9997609
10181,0.030896336
10182,0.99951696
10183,0.5313793
10184,0.78314364
10185,0.96807957
10186,0.2920339
10187,0.9999522
10188,0.004564315
10189,0.85110617
10190,0.011951119
10191,0.9385514
10192,0.98704386
10193,0.66171974
10194,0.99953115
10195,0.058523357
10196,0.021556735
10197,0.99749327
10198,0.15721852
10199,0.98983645
10200,0.99997425
10201,0.9921296
10202,0.98850787
10203,0.66512173
10204,0.6261527
10205,0.9992207
10206,0.96926284
10207,0.8201716
10208,0.9822339
10209,0.12411836
10210,0.9877937
10211,0.9809085
10212,0.51618594
10213,0.17961791
10214,0.024559796
10215,0.50738543
10216,0.5534082
10217,0.76738566
10218,0.25459108
10219,0.96272117
10220,0.97226274
10221,0.99835736
10222,0.49996254
10223,0.7794708
10224,0.037608355
10225,0.01768446
10226,0.018555313
10227,0.8874962
10228,0.98113024
10229,0.0014560223
10230,0.14938039
10231,0.9991023
10232,0.5432647
10233,0.046334237
10234,0.07057834
10235,0.9895204
10236,0.988867
10237,0.076309144
10238,0.11878428
10239,0.9956958
10240,0.21780753
10241,0.13829556
10242,0.98223823
10243,0.9453534
10244,0.13135919
10245,0.6560493
10246,0.89405847
10247,0.7064763
10248,0.012220591
10249,0.001396358
10250,0.09050965
10251,0.012236655
10252,0.9991137
10253,0.15192685
10254,0.9363032
10255,0.01755017
10256,0.011637986
10257,0.8988161
10258,0.0033026636
10259,0.9757594
10260,0.9826573
10261,0.027302623
10262,0.6369198
10263,0.9757955
10264,0.16336218
10265,0.29627067
10266,0.40064168
10267,0.315506
10268,0.66795397
10269,0.9998474
10270,0.7017526
10271,0.008082807
10272,0.30630505
10273,0.13721585
10274,0.7801217
10275,0.003155917
10276,0.009310484
10277,0.99778616
10278,0.8083336
10279,0.88287127
10280,0.01963079
10281,0.9734578
10282,0.99755275
10283,0.15894225
10284,0.09130266
10285,0.9826851
10286,0.006826788
10287,0.9420825
10288,0.009294927
10289,0.97250736
10290,0.9866048
10291,0.9322167
10292,0.0012242198
10293,0.96163774
10294,0.99999964
10295,0.90012276
10296,0.15609446
10297,0.9054903
10298,0.9973471
10299,0.99999964
10300,0.17742112
10301,0.99896586
10302,0.95455813
10303,0.5378689
10304,0.04109636
10305,0.999792
10306,0.004564315
10307,0.2599753
10308,0.8326404
10309,0.003006488
10310,0.6708209
10311,0.98682046
10312,0.9993615
10313,0.19452858
10314,0.55821335
10315,0.0012109578
10316,0.85792875
10317,0.99581623
10318,0.50567436
10319,0.2813468
10320,0.016922176
10321,0.66621643
10322,0.99999964
10323,0.020882368
10324,0.03930089
10325,5.827618e-06
10326,0.012472481
10327,0.00029492378
10328,0.205812
10329,0.99341553
10330,0.05755052
10331,0.33420926
10332,0.007038504
10333,0.34885603
10334,0.99915284
10335,0.9942534
10336,0.98563564
10337,0.13295051
10338,0.9477014
10339,0.0003130734
10340,0.2414529
10341,0.9278161
10342,0.99476475
10343,0.87717915
10344,0.38583887
10345,0.9893987
10346,0.029986799
10347,0.9984226
10348,0.19578373
10349,0.9688977
10350,0.72295946
10351,0.005079329
10352,0.6142451
10353,0.8531661
10354,0.55048734
10355,0.9912878
10356,0.030743122
10357,0.033121705
10358,0.9993571
10359,0.21132338
10360,0.40798822
10361,0.99923
10362,0.99973714
10363,0.6016693
10364,0.66305614
10365,0.99958813
10366,0.9958093
10367,0.99998456
10368,0.29091036
10369,0.6649672
10370,0.21910584
10371,0.099746466
10372,0.97719866
10373,0.9836336
10374,0.35761842
10375,0.089948565
10376,0.15717629
10377,0.35841697
10378,0.99997437
10379,0.103311986
10380,0.98403597
10381,0.007016808
10382,0.99998194
10383,0.9338747
10384,0.018004566
10385,0.06071675
10386,0.5128122
10387,0.9999691
10388,0.03440377
10389,0.79618496
10390,0.06810871
10391,0.124079466
10392,0.8971052
10393,0.0054416955
10394,0.03167382
10395,0.9965382
10396,0.92924446
10397,0.59706485
10398,0.7408827
10399,0.002352357
10400,0.016857833
10401,0.23962283
10402,0.102920145
10403,0.010478407
10404,0.96218264
10405,0.506143
10406,0.26435703
10407,0.9999838
10408,0.9973719
10409,0.06048897
10410,0.04489225
10411,0.63365793
10412,0.092748344
10413,0.018107772
10414,0.9997394
10415,0.0008043051
10416,0.9526178
10417,0.92015016
10418,0.9975366
10419,0.33461836
10420,0.026333481
10421,0.36055005
10422,0.77801216
10423,0.02504462
10424,0.2991611
10425,0.98749584
10426,0.042022616
10427,0.999997
10428,0.01929164
10429,0.29930842
10430,0.8889843
10431,0.01114285
10432,0.9919909
10433,0.1338073
10434,0.019068658
10435,0.9877095
10436,0.008690894
10437,0.89570475
10438,0.6833286
10439,0.43976936
10440,0.9955255
10441,0.1563004
10442,0.99905
10443,0.80684817
10444,0.9080192
10445,0.99984616
10446,0.3001883
10447,0.99805796
10448,0.15049994
10449,0.1623953
10450,0.08162123
10451,0.99752164
10452,0.17060119
10453,0.9999566
10454,0.96549416
10455,0.9065225
10456,0.403843
10457,0.9977481
10458,0.9282112
10459,0.945048
10460,0.47042432
10461,0.9663755
10462,0.15190002
10463,0.9999652
10464,0.676959
10465,0.235836
10466,0.35678846
10467,0.1318528
10468,0.96842206
10469,0.48731253
10470,0.29291224
10471,1.965266e-06
10472,0.1382873
10473,0.4535197
10474,0.9984542
10475,0.34136778
10476,0.27423882
10477,0.92892814
10478,0.73298544
10479,0.9894408
10480,0.1975314
10481,0.9953295
10482,0.04819694
10483,0.99835944
10484,0.65165746
10485,0.19321543
10486,0.64945966
10487,0.2563122
10488,0.99030435
10489,0.5267462
10490,0.21179706
10491,0.19772878
10492,0.3132835
10493,0.8876467
10494,0.13208261
10495,0.9991394
10496,0.96510875
10497,0.010553151
10498,0.24923593
10499,0.047015816
10500,0.680688
10501,0.9948781
10502,0.13200068
10503,0.6575938
10504,0.45159712
10505,0.99913883
10506,0.99999344
10507,0.017536104
10508,0.105786294
10509,0.33108705
10510,0.9208343
10511,0.9145156
10512,0.9994836
10513,0.13346308
10514,0.968657
10515,0.27528617
10516,0.5419767
10517,0.9826787
10518,0.08708286
10519,0.09804049
10520,0.87886035
10521,0.95651925
10522,0.9711753
10523,0.0115195215
10524,0.9948901
10525,0.6334921
10526,0.0030362308
10527,0.8327227
10528,0.13969323
10529,0.94829667
10530,0.32055837
10531,0.05226764
10532,0.08800128
10533,0.99788
10534,0.99014664
10535,0.9911454
10536,0.9999949
10537,0.14076582
10538,0.13701603
10539,0.021580696
10540,0.12278792
10541,0.97486824
10542,0.23592013
10543,0.6970529
10544,0.00027781725
10545,0.9454262
10546,0.19901532
10547,0.020890743
10548,0.7813827
10549,0.24014336
10550,0.7308508
10551,0.9240694
10552,0.958532
10553,0.042349398
10554,0.99999595
10555,0.1829013
10556,0.8111055
10557,0.87582743
10558,0.0008508563
10559,0.7640462
10560,0.9054791
10561,0.8586732
10562,0.05794379
10563,0.91611284
10564,0.49089336
10565,0.88668686
10566,0.68452626
10567,0.54231954
10568,0.8941766
10569,0.99716115
10570,0.029704273
10571,0.33542168
10572,0.27803928
10573,0.61598253
10574,0.569128
10575,0.98370636
10576,0.03099218
10577,0.9997165
10578,0.14263353
10579,0.9440143
10580,0.053495437
10581,0.043590903
10582,0.997332
10583,0.5403517
10584,0.02229929
10585,0.0031284094
10586,0.35000736
10587,0.99977314
10588,0.2763642
10589,0.9996868
10590,0.71098477
10591,0.84006244
10592,0.9992873
10593,0.9223609
10594,0.37734836
10595,0.9979334
10596,0.07539222
10597,0.55410063
10598,0.86051255
10599,0.38849077
10600,0.9996748
10601,0.56756324
10602,0.42524743
10603,0.2972022
10604,0.58034754
10605,0.98172903
10606,0.21672139
10607,0.04252699
10608,0.36792004
10609,0.027576834
10610,1.4098742e-05
10611,0.79730463
10612,0.31253916
10613,0.999107
10614,0.47317657
10615,0.07974911
10616,0.9800831
10617,0.0901261
10618,0.33731383
10619,0.9934981
10620,0.9865266
10621,0.8533119
10622,0.0014272034
10623,0.07571724
10624,0.37909022
10625,0.081973314
10626,0.9678044
10627,0.32604927
10628,0.039197236
10629,0.9968769
10630,0.12847582
10631,0.0011390448
10632,0.9853338
10633,0.62043023
10634,0.8611374
10635,0.9989516
10636,0.9341936
10637,0.24540716
10638,0.0015116334
10639,0.9000536
10640,0.6787395
10641,0.99966866
10642,0.245184
10643,0.86477983
10644,0.93728894
10645,0.12691483
10646,0.13471943
10647,0.99819994
10648,0.0034609735
10649,0.68318117
10650,0.9898199
10651,0.9245471
10652,0.07710934
10653,0.99553317
10654,0.13673013
10655,0.9998801
10656,0.06797311
10657,0.99337155
10658,0.9905913
10659,0.21709636
10660,0.99896526
10661,0.98542434
10662,0.67568576
10663,0.93148124
10664,0.95815957
10665,0.8008932
10666,0.9863132
10667,0.035957783
10668,0.55988485
10669,0.9999795
10670,0.99958825
10671,0.0117248
10672,0.018126935
10673,0.18286431
10674,0.0007597506
10675,0.9715094
10676,0.21402314
10677,0.1950615
10678,0.47939333
10679,0.015459627
10680,0.26627022
10681,0.9986574
10682,0.847497
10683,0.99901026
10684,0.09187257
10685,0.9989672
10686,0.56198466
10687,0.29456764
10688,0.0054959655
10689,0.1972377
10690,0.9979024
10691,0.9903176
10692,0.013854653
10693,0.9279417
10694,0.6314524
10695,0.0018144846
10696,0.5928686
10697,0.4930788
10698,0.0091763735
10699,0.24311706
10700,0.9596544
10701,0.976905
10702,0.03830856
10703,0.9999844
10704,0.07287359
10705,0.96440023
10706,0.42312223
10707,0.692322
10708,0.7396467
10709,0.7156996
10710,0.00343588
10711,0.96440566
10712,0.9944838
10713,0.99012876
10714,0.035242915
10715,0.012055695
10716,0.99628544
10717,0.20720506
10718,0.9999959
10719,0.99411
10720,0.99970275
10721,0.962752
10722,0.3702655
10723,0.9540255
10724,0.6267047
10725,0.1751563
10726,0.37048948
10727,0.010764092
10728,0.0015392303
10729,0.6377057
10730,0.2033926
10731,0.08647972
10732,0.075920224
10733,0.75559616
10734,0.23600063
10735,0.67894596
10736,0.00544706
10737,0.9267483
10738,0.23008496
10739,0.52111155
10740,0.3971935
10741,0.20160666
10742,0.9791766
10743,0.5571058
10744,0.13289684
10745,0.47445473
10746,0.9982873
10747,0.9540848
10748,0.97505075
10749,0.11983991
10750,0.98627925
10751,0.6265707
10752,0.18347979
10753,0.31760806
10754,0.0014820099
10755,0.9483766
10756,0.99445045
10757,0.28568283
10758,0.7382673
10759,0.87822247
10760,0.045936525
10761,0.43178734
10762,0.99933183
10763,0.98773897
10764,0.042250544
10765,0.08382997
10766,0.095275044
10767,0.99999607
10768,0.99994755
10769,0.9183142
10770,0.36786884
10771,0.2545738
10772,0.9173777
10773,0.27770254
10774,0.962288
10775,0.4639818
10776,0.046278298
10777,0.6027106
10778,0.33350807
10779,0.9717849
10780,0.97076225
10781,0.016091764
10782,0.3244325
10783,0.004662901
10784,0.03386879
10785,0.10333422
10786,0.56236213
10787,0.41873118
10788,0.9957652
10789,0.4487594
10790,0.015200973
10791,0.9932029
10792,0.89036757
10793,0.9513333
10794,0.26561904
10795,0.9999069
10796,0.77024865
10797,0.22895855
10798,0.0011071861
10799,0.99717474
10800,0.1550051
10801,0.004877627
10802,0.89043504
10803,0.9957255
10804,0.54504144
10805,0.056188047
10806,0.7989042
10807,0.0001156619
10808,0.5240776
10809,0.9985847
10810,0.59869295
10811,0.998253
10812,0.9551057
10813,0.96896464
10814,0.43473527
10815,0.9985726
10816,0.0017280281
10817,0.99927574
10818,0.094385296
10819,0.99998486
10820,0.9952165
10821,0.022434413
10822,0.86801887
10823,0.71496034
10824,0.0064504743
10825,0.15233791
10826,0.41239935
10827,0.2994094
10828,0.0582166
10829,0.0025607347
10830,0.005424291
10831,0.010400355
10832,0.9958017
10833,0.0014446378
10834,0.06261733
10835,0.9959661
10836,0.4199421
10837,0.043712974
10838,0.77215576
10839,0.007399261
10840,0.99676216
10841,0.091499716
10842,0.9649111
10843,3.3450948e-07
10844,0.038423628
10845,0.062026918
10846,0.4177041
10847,0.5342387
10848,0.35617658
10849,0.8794549
10850,0.8306048
10851,0.8816546
10852,0.25468808
10853,0.9859934
10854,0.388993
10855,0.76820874
10856,0.8063856
10857,0.61998814
10858,0.015445471
10859,0.0030278265
10860,0.9545529
10861,0.105044365
10862,0.03647816
10863,0.9996903
10864,0.051199973
10865,0.3698867
10866,0.9368353
10867,0.9698764
10868,0.019450396
10869,0.7367687
10870,0.17761007
10871,0.035679936
10872,0.99699605
10873,0.91170585
10874,0.99954665
10875,0.042594194
10876,0.298664
10877,0.8385051
10878,0.6495309
10879,0.9746661
10880,0.9158235
10881,0.5476189
10882,0.9352463
10883,0.9999118
10884,0.9891658
10885,0.96405363
10886,0.9996474
10887,0.3786811
10888,0.70257014
10889,0.3210824
10890,0.11369541
10891,0.0197784
10892,0.9971043
10893,0.031497747
10894,0.053289086
10895,0.7700426
10896,0.04510072
10897,0.00017106533
10898,0.9929887
10899,0.6896279
10900,0.050457895
10901,0.99991214
10902,0.075059
10903,0.99906254
10904,0.99906856
10905,0.567169
10906,0.112418026
10907,0.99757236
10908,0.6177491
10909,0.002278179
10910,0.32996428
10911,0.0036073923
10912,0.96941656
10913,0.1611338
10914,0.050877124
10915,0.09699717
10916,0.52138585
10917,0.19979838
10918,0.0652737
10919,0.54860276
10920,0.3996458
10921,0.059716105
10922,0.42809826
10923,0.9994502
10924,0.47122592
10925,0.05953446
10926,0.9973624
10927,0.020183355
10928,0.9991397
10929,0.1526646
10930,0.67169774
10931,0.61317015
10932,0.26434505
10933,0.9895522
10934,0.99623775
10935,0.111083
10936,0.9948666
10937,0.4105298
10938,0.5839858
10939,0.31899232
10940,0.61945087
10941,0.06468794
10942,0.9994025
10943,0.18002176
10944,0.054225415
10945,0.13342392
10946,0.38720882
10947,0.84945
10948,0.99891925
10949,0.9799657
10950,0.0086551905
10951,0.60789657
10952,0.39103228
10953,0.008612156
10954,0.055672884
10955,0.00014463067
10956,0.15419015
10957,0.9974669
10958,0.9802223
10959,0.99982786
10960,0.25444415
10961,0.77217996
10962,0.97779036
10963,0.023533672
10964,0.99998456
10965,0.17298886
10966,0.04002568
10967,0.29222482
10968,5.0216302e-05
10969,0.7204971
10970,0.7957864
10971,0.009999186
10972,0.99998987
10973,0.49517655
10974,0.032819092
10975,0.09008291
10976,0.3804989
10977,0.3088811
10978,0.99582875
10979,0.9031142
10980,0.28691226
10981,0.16453916
10982,0.85116374
10983,0.6662071
10984,0.9764557
10985,0.9927279
10986,0.518312
10987,0.76983726
10988,0.99539745
10989,0.86316025
10990,0.43015862
10991,0.9991614
10992,0.56096
10993,0.0005749762
10994,0.99710566
10995,0.05768758
10996,0.9260496
10997,0.9846213
10998,0.92926955
10999,0.0035274625
11000,0.94133854
11001,0.06365076
11002,0.7535393
11003,0.20469853
11004,0.9988297
11005,0.050082475
11006,0.010050148
11007,0.96500885
11008,0.24620149
11009,0.4076601
11010,0.9589186
11011,0.95865965
11012,3.2391792e-05
11013,0.5641058
11014,0.49762553
11015,0.99958456
11016,0.7034193
11017,0.77990854
11018,0.9961089
11019,0.012301028
11020,0.9960902
11021,0.29825604
11022,0.9990785
11023,0.4646932
11024,0.00566718
11025,0.54077786
11026,0.9938583
11027,0.9993304
11028,0.9870957
11029,0.01736635
11030,0.9992931
11031,0.53074706
11032,0.99696386
11033,0.08364585
11034,0.0049770176
11035,0.9415378
11036,0.6007876
11037,0.5291822
11038,0.19099241
11039,0.99860066
11040,0.08077136
11041,0.0040065944
11042,0.40544745
11043,0.5119492
11044,0.8604312
11045,0.00072309375
11046,0.9694209
11047,0.03750521
11048,0.9992864
11049,1.11040545e-05
11050,0.9668908
11051,0.00081676245
11052,0.4045714
11053,0.978155
11054,0.99407804
11055,0.07446456
11056,0.9922631
11057,0.98087907
11058,0.99977505
11059,0.9891511
11060,0.002691865
11061,0.56351995
11062,0.9644649
11063,0.1644009
11064,0.517701
11065,0.68713933
11066,0.98710394
11067,0.17196849
11068,0.23507538
11069,0.99374306
11070,0.02097249
11071,0.026173562
11072,0.7493524
11073,0.20087788
11074,0.4115554
11075,0.828407
11076,0.54292095
11077,0.0052210987
11078,0.08097249
11079,0.8891747
11080,0.96771336
11081,0.91216373
11082,0.9431891
11083,0.99865544
11084,0.23273966
11085,0.00085008144
11086,0.98912984
11087,0.024613976
11088,0.5436697
11089,0.9986277
11090,0.1898562
11091,0.9888775
11092,0.9430325
11093,0.15859511
11094,0.9168918
11095,0.99171627
11096,0.16207096
11097,0.72399145
11098,0.7904366
11099,0.84206295
11100,0.12665391
11101,0.95585364
11102,0.99794817
11103,0.9644321
11104,0.24192765
11105,0.62074214
11106,0.6602233
11107,0.46880272
11108,0.9997494
11109,0.97661096
11110,0.3559763
11111,0.008704871
11112,0.026564837
11113,0.64225405
11114,0.37046707
11115,0.09431535
11116,0.0150437355
11117,0.0391289
11118,0.93554795
11119,0.962391
11120,0.9962473
11121,0.016357958
11122,0.14670718
11123,0.93402565
11124,0.9939058
11125,0.22535658
11126,0.3953856
11127,0.99999666
11128,0.97616214
11129,0.00029325485
11130,0.084599316
11131,0.04415509
11132,0.9542941
11133,0.8668786
11134,0.85623133
11135,0.014411092
11136,8.0449936e-05
11137,0.99946904
11138,0.63935363
11139,0.00020104647
11140,0.22294101
11141,0.9960768
11142,0.8640209
11143,5.1728137e-05
11144,0.2714342
11145,0.99743855
11146,0.47808513
11147,0.09340522
11148,0.7469611
11149,0.073108375
11150,0.06364772
11151,0.8711029
11152,0.023203105
11153,0.9242364
11154,0.3303973
11155,0.13800517
11156,0.9992748
11157,0.946044
11158,0.14962167
11159,0.98277867
11160,0.9999999
11161,0.75670326
11162,0.9704171
11163,0.44659543
11164,0.9539223
11165,0.9294333
11166,0.12255335
11167,0.9300672
11168,0.9296883
11169,0.118664145
11170,0.9996574
11171,0.45191082
11172,0.9897378
11173,0.009094298
11174,0.8913717
11175,0.019180357
11176,0.23300394
11177,0.73804027
11178,0.075815946
11179,0.9999535
11180,0.8513633
11181,0.11940852
11182,0.3342064
11183,0.1444436
11184,0.062473446
11185,0.23641771
11186,0.30698997
11187,0.98477554
11188,0.9604502
11189,0.82562643
11190,0.9675955
11191,0.9712242
11192,0.87669444
11193,0.8736803
11194,0.8593625
11195,0.3593769
11196,0.32510608
11197,0.053751886
11198,0.14602366
11199,0.9253781
11200,0.9996066
11201,0.9910804
11202,0.60583264
11203,0.3801779
11204,0.4542598
11205,0.013678789
11206,0.99446446
11207,0.78261864
11208,0.902057
11209,0.20851922
11210,0.08856726
11211,0.5913591
11212,0.026805043
11213,0.929878
11214,0.2598151
11215,0.396743
11216,0.9998475
11217,0.85711753
11218,0.173578
11219,0.1119048
11220,0.998369
11221,0.7364132
11222,0.13073671
11223,0.7059861
11224,0.98033005
11225,0.22176892
11226,0.0003800094
11227,0.4299931
11228,0.17080641
11229,0.9663326
11230,0.99999225
11231,2.798037e-06
11232,0.9141852
11233,0.07041159
11234,0.81279814
11235,0.290765
11236,0.95751584
11237,0.99996597
11238,0.99697053
11239,0.99997634
11240,0.9867635
11241,0.31103653
11242,0.74217504
11243,0.623258
11244,0.14922103
11245,0.9102179
11246,0.9128237
11247,0.9985869
11248,0.739583
11249,0.31693506
11250,0.99776083
11251,0.51680833
11252,0.0005387962
11253,0.41191748
11254,0.9995425
11255,0.98904824
11256,0.09827617
11257,0.055611968
11258,0.45466003
11259,0.9923163
11260,1.0
11261,0.9155319
11262,0.97284913
11263,0.0013974905
11264,0.0023921728
11265,0.22878811
11266,0.98993814
11267,0.8417891
11268,0.0077563524
11269,0.22696695
11270,0.78265584
11271,0.9996929
11272,0.0070055425
11273,0.039503515
11274,0.0049034357
11275,0.0025660098
11276,0.98372686
11277,0.9938288
11278,0.45211905
11279,0.022022039
11280,0.061274916
11281,0.056402057
11282,0.9997342
11283,0.9942576
11284,0.91809106
11285,0.17270577
11286,0.2742919
11287,0.32220626
11288,0.9054114
11289,0.81027794
11290,0.15966421
11291,0.5958278
11292,0.007039994
11293,0.07105401
11294,0.0016472638
11295,0.92040604
11296,0.077162206
11297,0.983202
11298,0.07383147
11299,0.9831548
11300,0.0005094111
11301,0.15533805
11302,0.48677057
11303,0.99938107
11304,0.44931298
11305,0.59540135
11306,0.86720735
11307,0.9859052
11308,0.37334535
11309,0.0046608746
11310,0.9806642
11311,0.07508609
11312,0.00067180395
11313,0.9681922
11314,0.08058274
11315,0.095403254
11316,0.014685571
11317,0.9933752
11318,0.86242026
11319,0.9922806
11320,0.98987985
11321,0.8497995
11322,0.91817117
11323,0.6975779
11324,0.2663025
11325,0.73942846
11326,0.021002203
11327,0.04063347
11328,0.027621835
11329,0.9973695
11330,0.24295092
11331,0.59555554
11332,0.98631155
11333,0.9729236
11334,0.11792925
11335,0.2432015
11336,0.9960006
11337,0.93391687
11338,0.8748516
11339,0.77864385
11340,0.77290887
11341,0.9998447
11342,0.8789048
11343,0.39301693
11344,0.9736005
11345,0.51054704
11346,0.115642875
11347,0.86629033
11348,0.9999768
11349,0.61226285
11350,0.57089394
11351,0.67538023
11352,0.9901731
11353,0.9330995
11354,0.40442815
11355,0.99993235
11356,0.99823076
11357,0.64555764
11358,0.997743
11359,0.2769335
11360,0.019108355
11361,0.07490319
11362,0.75170374
11363,0.7799622
11364,0.99932104
11365,0.80208343
11366,0.026396036
11367,0.24161762
11368,0.036381423
11369,0.9978763
11370,0.50007325
11371,0.9925075
11372,0.9997165
11373,0.051287025
11374,0.94669473
11375,0.70372796
11376,0.9104862
11377,0.06897631
11378,0.03900799
11379,0.9958486
11380,0.6690475
11381,0.8579321
11382,1.0
11383,0.091025025
11384,0.588839
11385,0.9618373
11386,0.55182344
11387,0.18221796
11388,0.22632289
11389,0.02483958
11390,0.010349393
11391,0.04276371
11392,0.9744066
11393,0.9814411
11394,0.89599645
11395,0.2725975
11396,0.04730481
11397,0.32667783
11398,0.6636323
11399,0.9923205
11400,0.8573837
11401,0.47131127
11402,0.9634855
11403,0.9648815
11404,0.032190144
11405,0.37363517
11406,0.14123762
11407,0.9997313
11408,0.12296319
11409,0.39568806
11410,0.8814434
11411,0.96844757
11412,0.31062388
11413,0.42786437
11414,0.553396
11415,0.006757587
11416,0.9996499
11417,0.9999261
11418,0.99871075
11419,0.06581861
11420,0.55677176
11421,0.9343339
11422,0.9927095
11423,0.73379356
11424,0.92300725
11425,0.9952086
11426,0.38872886
11427,0.9523362
11428,0.076934814
11429,0.8924272
11430,0.10837817
11431,0.7328642
11432,0.9126203
11433,0.9056748
11434,0.8043418
11435,0.98860574
11436,0.99987394
11437,0.5481568
11438,0.36966553
11439,0.57906085
11440,0.010178834
11441,0.101692945
11442,0.8745804
11443,0.37461695
11444,0.70585734
11445,0.24422467
11446,0.00620386
11447,0.8906915
11448,0.9253962
11449,0.833717
11450,0.00676167
11451,0.50780207
11452,0.91780704
11453,0.2771402
11454,0.20902002
11455,0.14304912
11456,0.14843053
11457,0.83096874
11458,0.0058465004
11459,0.19730517
11460,0.9613092
11461,0.99821484
11462,0.9725007
11463,0.8685691
11464,0.34257233
11465,0.9352001
11466,0.9881532
11467,0.60011405
11468,0.9716768
11469,0.7790587
11470,0.3238194
11471,0.55657554
11472,0.9905987
11473,0.9961986
11474,0.063929945
11475,0.9961665
11476,0.9352143
11477,0.12850547
11478,0.28207403
11479,0.24247795
11480,0.9996848
11481,0.99994147
11482,0.32171297
11483,0.072333336
11484,0.99982214
11485,0.6080147
11486,0.9995568
11487,0.8238573
11488,0.07710436
11489,0.27075952
11490,0.1296336
11491,0.7287658
11492,0.09371522
11493,0.41124144
11494,0.015140563
11495,0.31018302
11496,0.023647875
11497,0.9371023
11498,0.056978106
11499,0.13702765
11500,0.0008274615
11501,0.9942827
11502,0.21739966
11503,0.04710102
11504,0.3499079
11505,0.9977249
11506,0.98885846
11507,0.9472154
11508,0.81316495
11509,0.98785365
11510,0.99072886
11511,0.12922698
11512,0.9924773
11513,0.10640603
11514,0.8763542
11515,0.682502
11516,0.8914949
11517,0.26480326
11518,0.016449302
11519,0.99312747
11520,0.8100538
11521,0.9892455
11522,0.8752334
11523,0.75469255
11524,0.9998845
11525,0.9998349
11526,0.21709487
11527,0.7634053
11528,0.47459707
11529,0.5144243
11530,0.47720057
11531,0.59047556
11532,0.9362819
11533,0.3662941
11534,0.9989867
11535,0.5373716
11536,0.9998703
11537,0.8954727
11538,0.51458055
11539,0.8377222
11540,0.99999535
11541,0.9823122
11542,0.98432755
11543,0.9828261
11544,0.0065355897
11545,0.99970925
11546,0.99921584
11547,0.99312496
11548,0.9168587
11549,0.44447923
11550,0.76847196
11551,0.95825845
11552,0.99954915
11553,0.045185655
11554,0.97404385
11555,0.11224812
11556,0.9612819
11557,0.0128389895
11558,0.95508665
11559,0.16289258
11560,0.9980726
11561,0.53017074
11562,0.9665438
11563,0.6778141
11564,0.99864244
11565,0.14833716
11566,0.99874496
11567,0.79423106
11568,0.58948725
11569,0.79283834
11570,0.048484564
11571,0.9800351
11572,0.9147761
11573,0.01598838
11574,0.99999523
11575,0.99926746
11576,0.20816699
11577,0.9999634
11578,0.98250854
11579,0.9999968
11580,0.0037052631
11581,0.6006618
11582,0.97846806
11583,0.99878895
11584,0.71508884
11585,0.99849147
11586,0.08850938
11587,0.05099863
11588,0.9077691
11589,0.007581234
11590,0.9790938
11591,0.2892182
11592,0.09635067
11593,0.27751127
11594,0.64655364
11595,0.09827301
11596,0.99726224
11597,0.51671416
11598,0.035550028
11599,0.994305
11600,0.908275
11601,0.120711744
11602,0.9876487
11603,0.9999889
11604,1.0
11605,0.002357304
11606,0.9911164
11607,0.9129679
11608,0.018259138
11609,0.28466225
11610,0.16185236
11611,0.20321205
11612,0.9938767
11613,0.83699965
11614,0.20833308
11615,0.9997136
11616,0.0021731555
11617,0.71406937
11618,0.0132852495
11619,0.9991466
11620,0.52799857
11621,0.27659586
11622,0.9981096
11623,0.74631697
11624,0.7895705
11625,0.04129228
11626,0.002142936
11627,0.0009402931
11628,0.99985576
11629,0.9985764
11630,0.030757695
11631,0.013979673
11632,0.015866071
11633,0.96301025
11634,0.99695146
11635,0.74852586
11636,0.9968183
11637,0.8899494
11638,0.9825148
11639,0.99999833
11640,0.059543878
11641,0.9997022
11642,0.0017569661
11643,0.67845905
11644,0.54829735
11645,0.058149844
11646,0.026393443
11647,0.99950874
11648,0.9982024
11649,0.82769924
11650,0.034496874
11651,0.9921657
11652,0.5378428
11653,0.12527457
11654,0.9912131
11655,0.5939715
11656,0.99994946
11657,0.25878504
11658,0.24797925
11659,0.329849
11660,0.9990849
11661,0.008549273
11662,0.20852274
11663,0.9717566
11664,0.6727338
11665,0.99889994
11666,0.9076028
11667,0.9990089
11668,0.92391264
11669,0.004976511
11670,0.41827217
11671,0.17850763
11672,0.1178253
11673,0.9618219
11674,0.91963154
11675,0.9999663
11676,0.0007493198
11677,0.13372016
11678,0.071287096
11679,0.95588106
11680,0.027822614
11681,0.8975995
11682,0.91411173
11683,0.13965833
11684,0.9130361
11685,0.4435984
11686,0.049501628
11687,0.9753074
11688,0.7715483
11689,0.7998699
11690,0.87748945
11691,0.006965369
11692,0.27939004
11693,0.020666927
11694,0.95306945
11695,0.9822768
11696,0.9998153
11697,0.9554429
11698,0.07977697
11699,0.99662596
11700,0.44172996
11701,0.9996668
11702,0.13832578
11703,0.995942
11704,0.9996104
11705,0.65754414
11706,0.9952837
11707,0.97066814
11708,0.99172455
11709,0.9745911
11710,0.9951383
11711,0.49764636
11712,0.8966192
11713,0.034395516
11714,0.6727313
11715,0.9998783
11716,0.009390384
11717,0.28437787
11718,0.66359645
11719,0.66611487
11720,0.80211675
11721,0.98557866
11722,0.88187724
11723,0.08099407
11724,0.23935425
11725,0.9999927
11726,0.9766027
11727,0.090486825
11728,0.6796294
11729,0.5886075
11730,0.5061868
11731,0.4408179
11732,0.9950281
11733,0.086592555
11734,0.009984493
11735,0.744741
11736,0.24808946
11737,0.99871457
11738,0.019389927
11739,0.99345
11740,0.6559881
11741,0.05774173
11742,0.79908276
11743,0.4084575
11744,0.044445217
11745,0.11270365
11746,0.9812097
11747,0.051065117
11748,0.9953298
11749,0.9962938
11750,0.9297655
11751,0.6308756
11752,0.15845543
11753,0.018969685
11754,0.9991487
11755,0.1396127
11756,0.4253338
11757,0.1831859
11758,0.031058133
11759,0.99815387
11760,0.04404652
11761,0.8231785
11762,0.6905387
11763,0.99995697
11764,0.9968562
11765,0.98425484
11766,0.61236566
11767,0.033016264
11768,0.19758227
11769,0.8443159
11770,0.101983756
11771,0.19959933
11772,0.99317837
11773,0.969759
11774,0.99999636
11775,0.99360347
11776,0.9166876
11777,0.78959167
11778,0.11813474
11779,0.011031151
11780,0.06452796
11781,0.06583485
11782,0.23918667
11783,0.00045245886
11784,0.45535102
11785,0.7662547
11786,0.19505903
11787,0.90099216
11788,0.95866525
11789,0.94803226
11790,0.19517651
11791,0.4921847
11792,0.86877906
11793,0.63313645
11794,0.99782777
11795,0.9841209
11796,0.93227506
11797,0.9609129
11798,0.99955785
11799,0.0394136
11800,0.13424483
11801,0.99874145
11802,0.9710463
11803,0.6765212
11804,0.023747087
11805,0.9994929
11806,0.53463954
11807,0.07886556
11808,0.8345916
11809,0.092588365
11810,0.9887707
11811,0.99982935
11812,0.0058939755
11813,0.0010570288
11814,0.9993645
11815,0.99854314
11816,0.106408745
11817,0.075290054
11818,0.049494177
11819,0.007074505
11820,0.9621831
11821,0.4107768
11822,0.97570425
11823,0.18002948
11824,0.9917249
11825,0.0023437738
11826,0.039181054
11827,0.24165112
11828,0.65652925
11829,0.97921497
11830,0.016931355
11831,0.8926629
11832,0.060930073
11833,0.1325632
11834,0.025724709
11835,0.9977627
11836,0.9803184
11837,0.090581685
11838,0.9981357
11839,0.6573459
11840,0.022070855
11841,0.9188477
11842,0.94890404
11843,0.042104363
11844,0.99951446
11845,0.7152005
11846,0.9945309
11847,0.25000414
11848,0.8804567
11849,0.43615812
11850,0.088240296
11851,0.9987898
11852,0.9984579
11853,0.9995899
11854,0.8922689
11855,0.9989113
11856,0.67204356
11857,0.8798713
11858,0.22567627
11859,0.85909355
11860,0.616181
11861,0.6392268
11862,0.7910209
11863,0.9999552
11864,0.07180381
11865,0.98578835
11866,0.90369684
11867,0.99453557
11868,0.17064968
11869,0.17408398
11870,0.9919841
11871,0.9761329
11872,0.6922965
11873,0.9789237
11874,0.107366025
11875,0.9976201
11876,0.8510195
11877,0.99999833
11878,0.12508523
11879,0.08247656
11880,1.0
11881,0.8944906
11882,0.9694989
11883,0.22871342
11884,0.95168555
11885,0.11187202
11886,0.9627212
11887,0.0051143467
11888,0.018122673
11889,0.8164501
11890,0.98183435
11891,0.9979582
11892,0.5911425
11893,0.20088941
11894,0.098329544
11895,0.8007718
11896,0.03305185
11897,0.0021036863
11898,0.95742714
11899,0.015608281
11900,0.9983133
11901,0.06497988
11902,0.6379838
11903,0.98949236
11904,0.82192504
11905,0.1095874
11906,0.99189425
11907,0.075846106
11908,0.9423146
11909,0.6495221
11910,0.90462387
11911,0.075335145
11912,0.021066993
11913,0.9915153
11914,0.9007956
11915,0.96255237
11916,0.9998323
11917,0.49778226
11918,0.98202217
11919,0.113879144
11920,0.6666811
11921,0.93665445
11922,0.95608807
11923,0.99742216
11924,0.8119366
11925,0.9918611
11926,0.96567357
11927,0.27593783
11928,0.013782799
11929,0.38389298
11930,0.0055704117
11931,0.57166827
11932,0.10886732
11933,0.9999795
11934,0.9857762
11935,0.9924326
11936,0.00930962
11937,0.27012295
11938,0.02635464
11939,0.9893629
11940,0.317729
11941,0.9700384
11942,0.040291578
11943,0.8196008
11944,0.004075527
11945,0.052399814
11946,0.40699875
11947,0.9844339
11948,0.9993853
11949,0.9197383
11950,0.00067552924
11951,0.2923339
11952,0.6867325
11953,0.9959171
11954,0.015324175
11955,0.021666527
11956,0.93738246
11957,0.014383137
11958,0.08778575
11959,0.931783
11960,0.0037340224
11961,0.16682145
11962,0.2245912
11963,0.104177564
11964,0.98961323
11965,0.24893245
11966,0.14610332
11967,0.0712772
11968,0.014751315
11969,0.11632502
11970,0.4157639
11971,0.9849551
11972,0.0029328465
11973,0.5850782
11974,0.37300736
11975,0.21668255
11976,0.5772624
11977,0.107637435
11978,0.0057160854
11979,0.24407321
11980,0.99773264
11981,0.8252356
11982,0.53970706
11983,0.17663455
11984,0.9958019
11985,0.99850917
11986,0.63099754
11987,0.46916103
11988,0.9915073
11989,0.041196525
11990,0.99881697
11991,0.5406226
11992,0.020427376
11993,0.3355552
11994,0.20095834
11995,0.41350597
11996,0.09334007
11997,0.18707761
11998,0.9784937
11999,0.9414854
12000,0.97932106
12001,0.76978433
12002,0.98685193
12003,0.9974168
12004,0.99470854
12005,0.99926233
12006,0.10964531
12007,0.119854
12008,0.013815552
12009,0.9948404
12010,0.026586682
12011,0.114836425
12012,0.7616693
12013,0.34391558
12014,0.9463449
12015,0.95335495
12016,0.18778935
12017,0.8063239
12018,4.8147827e-05
12019,0.96966946
12020,0.7226367
12021,0.9984472
12022,0.0012470186
12023,0.96983945
12024,0.027182043
12025,0.17535263
12026,0.57216567
12027,0.9285775
12028,0.98078
12029,0.49219346
12030,0.089459926
12031,0.4922811
12032,0.9994747
12033,0.13451385
12034,0.021756142
12035,0.8596811
12036,0.13829607
12037,0.52958727
12038,0.057427317
12039,0.97214776
12040,0.9772574
12041,0.37879014
12042,0.8627
12043,0.0014704466
12044,0.6092215
12045,0.9988793
12046,0.10465726
12047,0.99708265
12048,0.15253666
12049,0.61700296
12050,0.7328105
12051,0.012309521
12052,0.116384774
12053,0.009947747
12054,0.9732683
12055,0.48877633
12056,0.63955325
12057,0.07974744
12058,0.8276254
12059,0.8968825
12060,0.96411
12061,0.8219241
12062,0.01274544
12063,0.829893
12064,0.734568
12065,0.99967766
12066,0.33074698
12067,0.991795
12068,0.9983318
12069,0.018836886
12070,0.00040972233
12071,0.33216298
12072,0.99997807
12073,0.9871813
12074,0.9935355
12075,0.73102546
12076,0.9005486
12077,0.0616481
12078,0.9979232
12079,0.7195891
12080,0.21322483
12081,0.88164806
12082,0.06277773
12083,0.96019804
12084,0.69699454
12085,0.97910815
12086,0.32133383
12087,0.6526262
12088,0.00078722835
12089,0.25625247
12090,0.13644102
12091,0.9713531
12092,0.98962635
12093,0.09361014
12094,0.059045136
12095,0.1252087
12096,0.9948958
12097,0.4797947
12098,0.02436304
12099,0.9989779
12100,0.322293
12101,0.99161124
12102,0.069586456
12103,0.035582036
12104,0.99176645
12105,0.9546143
12106,0.994238
12107,0.0882189
12108,0.9790768
12109,0.99754035
12110,0.22475317
12111,0.01623565
12112,0.9994732
12113,0.004213989
12114,0.60580945
12115,0.9913629
12116,0.4955507
12117,0.028626174
12118,0.9860995
12119,0.9999975
12120,0.77272534
12121,0.9990141
12122,0.34127063
12123,0.9996495
12124,0.99203795
12125,0.99611914
12126,0.56490386
12127,0.8126434
12128,0.9957901
12129,0.97006375
12130,0.14011171
12131,0.06132528
12132,0.9959575
12133,0.10995433
12134,0.98481
12135,0.000302732
12136,0.18753296
12137,0.99999857
12138,0.7514902
12139,0.97242194
12140,0.99917924
12141,0.98290944
12142,0.09222928
12143,0.9998894
12144,0.9865115
12145,0.86718965
12146,0.3004709
12147,0.83090204
12148,0.95946765
12149,0.0011126399
12150,0.61236566
12151,0.998379
12152,0.09895623
12153,0.7207917
12154,0.9994799
12155,0.06149754
12156,0.016471446
12157,0.99954605
12158,0.9214817
12159,0.0531103
12160,0.04035446
12161,0.16395998
12162,0.39960137
12163,0.9705409
12164,0.9999962
12165,0.026749015
12166,0.97033334
12167,0.6873505
12168,0.8945378
12169,0.9993627
12170,0.33094406
12171,0.9936952
12172,0.9973091
12173,0.22365808
12174,0.11218995
12175,0.6444626
12176,0.5752929
12177,0.99981004
12178,0.9499438
12179,0.3596447
12180,0.9937525
12181,0.72331786
12182,0.0011259317
12183,0.3840134
12184,0.99954236
12185,0.99877465
12186,0.9951045
12187,0.81510746
12188,2.602189e-06
12189,0.05843219
12190,0.71961075
12191,0.13190725
12192,0.060505033
12193,0.05169347
12194,0.35271144
12195,0.9742621
12196,0.72783566
12197,0.031371266
12198,0.35767522
12199,0.40955403
12200,0.009005308
12201,0.59354144
12202,0.24934629
12203,0.42379338
12204,0.17466363
12205,0.043089867
12206,0.10001612
12207,0.65463555
12208,0.0046033263
12209,0.8408599
12210,0.022039294
12211,0.7983955
12212,0.39810157
12213,0.9284302
12214,0.9575099
12215,0.39228144
12216,0.99570215
12217,0.98311895
12218,0.09263
12219,0.34710324
12220,0.43263385
12221,0.9934069
12222,0.99956214
12223,0.9959107
12224,0.83209646
12225,0.38643828
12226,0.9999406
12227,0.31300813
12228,0.5275077
12229,0.5740814
12230,0.5735648
12231,0.94478405
12232,0.5602502
12233,0.99833727
12234,0.16692644
12235,0.32332176
12236,0.9875293
12237,0.2797808
12238,0.015883625
12239,0.006775856
12240,0.9947571
12241,0.9270345
12242,0.9997364
12243,0.9263451
12244,0.9106697
12245,0.97596
12246,0.9508084
12247,0.95427024
12248,0.99823314
12249,0.99892724
12250,0.94414914
12251,0.9913626
12252,0.9991901
12253,0.79603744
12254,0.99206305
12255,0.9999515
12256,0.97608876
12257,0.05578834
12258,0.003878206
12259,4.2388816e-08
12260,0.64972675
12261,0.9928694
12262,0.99917114
12263,0.98085195
12264,0.61163616
12265,0.13489369
12266,0.8823172
12267,0.9893034
12268,0.99877405
12269,0.02926007
12270,0.028011322
12271,0.44222116
12272,0.09983957
12273,0.0041389465
12274,0.021909267
12275,0.069780976
12276,0.9919843
12277,0.98628145
12278,0.99484
12279,0.9525145
12280,0.8379145
12281,0.1468434
12282,0.08143216
12283,0.18744385
12284,0.0027409196
12285,0.00047776103
12286,0.23846298
12287,0.9995738
12288,0.9914954
12289,0.9918272
12290,0.99816024
12291,0.8818493
12292,0.0018408597
12293,0.0053221285
12294,0.49972814
12295,0.14626336
12296,0.9999466
12297,0.9863209
12298,0.9997472
12299,0.53238785
12300,0.9932174
12301,0.8968402
12302,0.3564406
12303,0.060376078
12304,0.6954259
12305,0.997403
12306,0.9998155
12307,0.65515435
12308,0.9969445
12309,0.9050044
12310,0.5663593
12311,0.9972378
12312,0.99999416
12313,0.9441571
12314,0.94774556
12315,0.24497172
12316,0.99998105
12317,0.9999884
12318,0.04526204
12319,0.96614337
12320,0.36785215
12321,0.9992184
12322,0.5093255
12323,0.46048558
12324,0.98400056
12325,0.76948
12326,0.009440333
12327,0.11686215
12328,0.99588
12329,0.9998735
12330,0.56822526
12331,0.036817223
12332,0.9932126
12333,0.0013020337
12334,0.9982123
12335,0.029010355
12336,0.8177649
12337,0.9755912
12338,0.99948883
12339,0.014706999
12340,0.9803735
12341,0.0461832
12342,0.16270992
12343,0.0025720298
12344,0.99642545
12345,0.989049
12346,0.036535442
12347,0.013437271
12348,0.9973576
12349,0.95358634
12350,0.21202189
12351,0.40590277
12352,0.11201298
12353,0.093087405
12354,0.9990972
12355,0.024081469
12356,0.9999096
12357,0.022552818
12358,0.4623567
12359,0.0032193363
12360,0.5379342
12361,0.99674225
12362,0.41002578
12363,0.9761292
12364,0.027152061
12365,0.045338184
12366,0.49131212
12367,0.75592166
12368,0.93637836
12369,0.9945953
12370,0.5747304
12371,0.9987867
12372,0.021569878
12373,0.04539755
12374,0.95685375
12375,0.85317314
12376,0.993965
12377,0.25853944
12378,0.99915445
12379,0.20579082
12380,0.9336036
12381,0.98946166
12382,0.025857836
12383,0.09211385
12384,0.9599299
12385,0.41134587
12386,0.7985282
12387,0.15646613
12388,0.5247646
12389,0.9445971
12390,0.04852453
12391,0.44719326
12392,0.002600342
12393,0.025197387
12394,0.59799546
12395,0.99827945
12396,0.13265273
12397,0.04274088
12398,0.06431487
12399,0.17838588
12400,0.0033823252
12401,0.73885405
12402,0.38405862
12403,0.64054626
12404,0.9918916
12405,0.9381608
12406,0.20497057
12407,0.40835872
12408,0.09112123
12409,0.99999785
12410,0.79797554
12411,0.99668705
12412,0.82145137
12413,0.9781988
12414,0.99995863
12415,0.99898535
12416,0.33880693
12417,0.005522907
12418,0.044316173
12419,0.94311696
12420,0.3417551
12421,0.012662411
12422,0.30161303
12423,0.066126674
12424,0.508817
12425,0.25070566
12426,0.95309746
12427,0.086331666
12428,0.991004
12429,0.9995418
12430,0.98627514
12431,0.013185233
12432,0.9901449
12433,0.07446599
12434,0.008572549
12435,0.044865638
12436,0.96355236
12437,0.9986974
12438,0.9831463
12439,0.97031415
12440,0.9999444
12441,0.1504238
12442,0.8699213
12443,0.99981487
12444,0.4314859
12445,0.33352208
12446,0.81793845
12447,0.10383436
12448,0.032435805
12449,0.008298248
12450,0.06451422
12451,0.9999453
12452,0.99994457
12453,0.42534631
12454,0.39704904
12455,0.8686405
12456,0.95396626
12457,0.015741318
12458,0.9974121
12459,0.023732841
12460,0.99981177
12461,0.0041982234
12462,2.1132792e-05
12463,0.9611087
12464,0.0041182637
12465,0.9992474
12466,0.93950194
12467,0.9999964
12468,0.89740765
12469,0.999771
12470,0.033108234
12471,0.025413394
12472,0.6956148
12473,0.22858083
12474,0.45960283
12475,0.43159917
12476,0.0008729696
12477,0.76925033
12478,0.15054324
12479,0.81917405
12480,0.111432165
12481,0.7135823
12482,0.9948642
12483,0.032014757
12484,0.9962374
12485,0.93224347
12486,0.38780385
12487,0.9915322
12488,0.9844749
12489,0.6703603
12490,0.7987426
12491,0.9565564
12492,0.99907184
12493,0.99433917
12494,0.5103472
12495,0.0030943155
12496,0.18806762
12497,0.9964936
12498,0.7309653
12499,0.0044822395
12500,0.25693822
